5
25 22
34 15
21 23
35 29
8 19
100
212
179
268
228
118
196
140
218
271
184
135
274
244
147
123
190
231
214
80
184
265
91
210
86
138
93
121
253
197
85
118
266
187
258
150
179
88
91
203
211
134
222
126
147
243
269
192
125
142
144
96
225
230
233
285
99
288
175
288
110
104
83
159
186
215
278
97
239
286
141
236
119
194
261
106
300
204
282
175
207
154
211
151
241
145
179
266
233
299
276
175
200
145
102
233
149
253
279
100
185
240
10 7 33
11 7 28
10 8 82
11 8 7
10 9 48
11 9 54
10 10 43
11 10 96
10 11 48
11 11 31
10 12 37
11 12 10
10 13 47
11 13 21
10 14 49
11 14 68
10 15 69
11 15 36
10 16 20
11 16 10
17 7 10
18 7 74
17 8 1
18 8 24
17 9 13
18 9 29
17 10 0
18 10 93
17 11 46
18 11 47
17 12 17
18 12 70
17 13 73
18 13 84
17 14 89
18 14 8
17 15 88
18 15 32
17 16 4
18 16 30
24 7 63
25 7 96
24 8 89
25 8 1
24 9 45
25 9 91
24 10 67
25 10 46
24 11 50
25 11 25
24 12 69
25 12 62
24 13 83
25 13 17
24 14 32
25 14 18
24 15 31
25 15 65
24 16 57
25 16 35
31 7 60
32 7 23
31 8 12
32 8 9
31 9 68
32 9 72
31 10 99
32 10 50
31 11 29
32 11 20
31 12 20
32 12 66
31 13 86
32 13 21
31 14 84
32 14 41
31 15 71
32 15 48
31 16 62
32 16 88
38 7 5
39 7 94
38 8 5
39 8 80
38 9 14
39 9 15
38 10 85
39 10 8
38 11 51
39 11 0
38 12 79
39 12 91
38 13 66
39 13 9
38 14 45
39 14 64
38 15 18
39 15 60
38 16 11
39 16 38
45 7 60
46 7 79
45 8 24
46 8 37
45 9 22
46 9 35
45 10 7
46 10 98
45 11 99
46 11 12
45 12 6
46 12 82
45 13 63
46 13 70
45 14 92
46 14 29
45 15 17
46 15 67
45 16 1
46 16 36
10 23 4
11 23 81
10 24 76
11 24 16
10 25 0
11 25 15
10 26 76
11 26 16
10 27 25
11 27 95
10 28 58
11 28 38
10 29 14
11 29 49
10 30 75
11 30 22
10 31 77
11 31 42
10 32 95
11 32 6
17 23 13
18 23 99
17 24 3
18 24 58
17 25 49
18 25 72
17 26 42
18 26 27
17 27 30
18 27 19
17 28 2
18 28 66
17 29 62
18 29 83
17 30 61
18 30 59
17 31 53
18 31 13
17 32 12
18 32 65
24 23 16
25 23 81
24 24 97
25 24 40
24 25 70
25 25 59
24 26 85
25 26 84
24 27 38
25 27 95
24 28 32
25 28 14
24 29 69
25 29 40
24 30 67
25 30 68
24 31 18
25 31 28
24 32 59
25 32 86
31 23 52
32 23 77
31 24 98
32 24 44
31 25 74
32 25 58
31 26 39
32 26 34
31 27 41
32 27 26
31 28 72
32 28 55
31 29 87
32 29 61
31 30 93
32 30 39
31 31 64
32 31 11
31 32 26
32 32 56
38 23 73
39 23 54
38 24 65
39 24 22
38 25 27
39 25 44
38 26 91
39 26 86
38 27 9
39 27 56
38 28 43
39 28 97
38 29 2
39 29 94
38 30 92
39 30 3
38 31 87
39 31 33
38 32 30
39 32 44
45 23 19
46 23 52
45 24 90
46 24 78
45 25 51
46 25 33
45 26 75
46 26 19
45 27 15
46 27 71
45 28 35
46 28 55
45 29 23
46 29 78
45 30 88
46 30 55
45 31 77
46 31 3
45 32 28
46 32 82
1000
2 19 89 5 99 33 0 4 24 74 59 0 11 77 1 39 93 12 0 43 3 34 87 30 7 7 6 0 23 20 20 6 2 2 26 15 81 9 3 50 76 1 3 9 46 12 17 4 8 6 4 49 85 1 43 13 16 22 23 1 3 54 19 77 58 9 10 41 95 26 8 5 8 9 15 18 8 8 4 46 0 4 2 2 0 71 3 89 95 36 84 5
8 0 48 8 53 0 1 12 4 28 80 26 13 25 4 85 1 11 0 0 76 63 10 90 2 51 63 0 27 99 0 27 46 16 61 19 6 10 26 3 49 0 74 6 7 5 44 4 44 3 9 13
2 4 1 0 1 0 0 38 51 23 8 56 41 1 16 3 0 10 23 9 35 0 21 3 0 73 59 2 49 11 0 68 2 8 31 48 6 15 42 3 3 23 49 22 6 24 22 5 6 10 84 14 12 0 36 6 0 36 52 2 0 36 0 0 79 81 10
3 0 1 1 7 16 64 34 5 0 83 10 0 89 4 0 32 59 23 82 54 25 25 8 0 59 9 37 0 24 3 1 20 2 16 47 7 1 96 39 40 29 8 0 16 32 67 0 12 54 29 56 38 77 41 0 10 9 2 91 1 14 76 5 20 28 31 0 4 89 11 0 12 8 0 49 16 26 28 3 6 69 1 28 13 10 5 4 1 27 17 19 16 17
88 1 1 5 84 84 20 12 3 25 8 13 49 5 2 1 22 34 10 13 7 13 0 13 20 0 4 5 9 0 12 30 14 36 0 6 0 71 12 84 81 7
67 24 2 84 21 2 41 8 35 0 5 36 0 8 3 56 1 10 0 45 67 67 3 58 20 92 70 4 4 18 4 0 48 5 15 52 85 4 49 5 5 21 13 0 25 7 73 28 0 19 61 7 84 12 2 1 31 29 0 2 2 79 5 58 30 4 7 1 6 22 4 2 16 70 53 3 0 46 12 21 14 28 72 22
22 17 43 0 17 66 2 12 1 32 11 1 13 3 2 74 28 0 73 6 47 40 15 74 88 18 1 6 31 32 11 0 58 4 0 0 5 33 2 72 97 24 54 2 1 0 27 75 41 1 41 74 0 4 10 16 7 10 78 13 41 1 5 4 0 0 18 0 2 1 29 79 69 64 11 34 4 87 22 20 12 19 67 3 65 17 44 80
0 69 35 24 18 63 0 1 25 22 12 2 2 5 32 31 1 16 39 67 37 4 1 0 1 0 3 3 17 6 86 30 69
12 14 81 1 10 17 75 36 7 12 15 1 47 7 0 2 7 76 0 9 26 12 22 34 13 71 25 6 72 86 0 4 1 20 4 57 5 3 5 81 4 11 1 17 44 0 4 0 1 52 2 33 0 25 12 6 5 57 3 3 30 22 53 67 0 3 0 34 62 55 2 19 63 27 91 2 7 6
20 31 4 0 0 44 6 18 4 0 1 18 5 36 84 83 48 1 4 11 1 52 18 33 5 41 33 17 72 63 31
50 49 3 1 13 26 70 81 68 91 3 23 16 0 98 0 73 10 2 3 61 1 52 9 91 14 0 40 68 5 0 1 29 32 2 6 28 3 91 58
8 1 7 23 7 14 19 12 44 0 6 14 23 85 73 7 52 30 12 95 13 20 0 78 1 11 87 50 16 73 41 2 1 2 10 9 12 54 34 12 38 53 9 27 0 29 68 0 38
33 41 30 0 16 1 40 79 19 8 12 85 4 3 22 19 25 1 3 3 6 7 95 19 1 22 2 14 29 92 67 69 0 0 16 20 11 2 20 9 1 68 2 16 0 63 1 27 2 95 2 3 48 11 13 0 19 10 1 75 99 98 0 36 93 3 63 10 4 77 1 4 0 6 24 2 94 69 4 94 6 12 2 12 9 39 23 21 93 67 12 15 42 37 38 3 33 55 10 72
47 7 1 29 10 0 43 24 2 6 32 18 9 0 85 58 1 22 3 1 1 29 7 1 12 13 13 21 86 1 4 4 7 7 8 2 25 17 7 48 13 0 1 46 45 26 0 72 18 55 0 23 76 16 4 9 0 0 97 57 0 4 25 0 9 3 65 11
6 6 13 0 7 7 0 20 37 18 92 11 5 12 1 2 0 2 80 3 0 0 8 3 66 4 3 0 3 27 48 1 4 46 91 1 3 32 22 2 2 1 28 9 44 26 10 6 72 5 0 15 28 9 7 14 1 35 54 73 52 6 9 10
3 0 0 77 1 0 41 1 58 35 2 0 2 7 36 68 87 32 5 42 4 26 12 15 28 5 1 21 30 24 31 8 0 0 9 3 42 54 18 2 16 74 14 53 2 85 22 94 63 20 2 2 96 17 1 8 16 14 25 3 1 3 0 0 10 3 61 66 20 18 9 4 2 7 1 86 48 14
0 3 2 0 4 51 33 0 1 39 1 8 0 0 20 56 9 10 44 0 24 0 39 43 33 28 62 7 2 66 26 12 29 10 0 95 31 76 20 59 91 0 3 91 4 28 79 34 98 14 4 60 12 13 35 13 1 72 2 41 2 0 2 1 33 6 58 55
1 16 27 20 4 32 6 39 0 2 5 75 50 16 3 52 43 40 7 13 39 43 24 5 0 0 10 52 5 0 81 93 13 77 2 73 0 0 12 50 5 71 27 16 84 24 16 0 8 10 33 1 27 0 58 13 8 2
13 0 68 0 33 15 93 0 84 0 40 9 11 3 0 43 42 86 13 0 23 0 3 11 0 10 84 0 3 81 1 0 7 21 31 59 17 1 60 68 98 16 2 26 91 77 8 46 79 3 0 92 22 0 49 0 3 4 1 4 50 1 60 36 22 2 13
70 25 3 4 88 5 1 40 4 6 96 19 62 48 48 0 0 1 32 62 4 0 54 4 5 14 31 3 20 29 49 14 3 60 0 0 47 6 9 41 53 11 23 8 3 1 92 0 0 93 2 1 2 38 1 14 2 54 90 19 67 28 8 96 55 2 9 34 64 11 5 0 15 56 34 10 23 10 3 14 7 60 1 2 2
57 30 49 6 22 1 6 19 3 5 52 0 58 13 10 51 80 51 26 7 0 8 1 10 3 38 91 0 95 85 2 10 12 2 64 93 14 0 4 91 11 83 33 1 28 3 3 11 0 1 86 49 14 87 93 3 44 32 76 5 3 37 4 7 9 1 18 14 13 7 40 17 21 6 37 66 72 6 88 5 7 13 0 60 19 0 5 6 23 5
30 1 60 2 10 31 7 3 34 2 0 14 6 8 63 3 48 13 1 32 0 40 13 2 17 4 8 37 6 0 34 22 62 0 0 62 74 63 37 29 10 45 0 6 55 1 0 11 63 10 21 0 0 47 3 67 0 2 6 87 0 60 11 9 68 5 5 61 0 30 41 46 18 0 0 0 42 0 36 42 20 17 59 6 38 87
18 66 67 0 4 0 46 3 46 91 13 12 13 0 0 3 61 24 25 28 0 90 2 5 90 11 1 70 89 0 36 45 36 77 3 4 83 17 65 0 36 1 39 0 80 73 62 28 7 1 8 33 6 1 56 80 79 99 6 12 2 2 1 17 3
9 11 22 35 85 87 61 2 2 41 4 24 7 73 4 50 2 3 69 2 35 0 2 55 0 5 3 11 12 16 62 16 14 3 1 0 46 66 1 1 1 61 14 0 15 50 18 75 59 14 12 2 22 2 4 0 11 0 57 35 13 1
38 52 84 0 67 19 0 18 34 7 31 0 15 0 2 21 48 15 9 36 29 91 42 15 1 0 37 10 30 51 24 65 17 29 31 0 22 8 8 0 94 92 46 9 56 1 25 82 27 2 27 9 0 8 0 0 60 1 0 21 0 1 4
0 86 32 3 13 5 3 95 0 4 84 17 92 12 59 0 36 24 0 16 5 5 31 13 2 7 20 6 4 18 18 0 30 6 1 54 15 52
0 26 77 0 0 0 57 33 45 0 0 0 63 8 33 0 2 70 5 71 32 60 64 7 31 6 34 22 57 50 5 66
1 21 0 1 5 2 2 15 3 0 2 30 9 2 32 0 37 5 6 65 15 1 2 2 88 0 79 12 48 65 0 11 3 94 87 5 2 84 6 0 84 0 7 73 30 0 6 31 97 2 7 2 1 24 5 55 33 1 43 1 47 2 7 8 9 24 43 32 24 8 30 15 1 0 0 17 81 15 85 53 19 6 68 19 4
9 44 1 6 57 0 6 12 2 5 10 18 0 64 90 16 2 99 3 36 92 1 9 90 17 55 29 41 3 7 40 8 92 11 16 82 16 5 1 1 7 97 51 56 10 61
7 85 98 1 97 16 0 3 0 19 19 1 5 87 42 1 5 2 1 23 68 26 36 41 68 96 18 40 43 94 38 35 88 3 24 90 33 1 66 2 0 63 73 2 28 14 0 18 62 0 6 65 46 24 11 97 64 16 99 53 82 0 32 3 4 36 0 26 23 4 33 17 50 50 99 17 0 95 84 1 2 0 2
23 0 33 47 2 13 1 0 3 16 5 27 83 0 58 44 24 2 20 5 29 18 77 63 97 0 61 54 0 48 4 56 0 10 46 1 2 23 10 72 35 8 9 68 3 10 17 2 1 0 2 0 40 41 28 93 14 33 1 47 0 42 93
20 65 43 29 0 0 1 0 2 2 61 0 1 48 0 10 4 88 7 63 6 13 7 2 37 19 16 21 4 84 1 37 0 7 80 45 24 0 70
0 28 43 3 71 49 49 2 0 16 27 0 5 40 50 39 36 72 16 6 1 93 0 3 13 1 11 36 10 16 71 28 18 18 64 0 2 0 78 45 1 37 3 11 0 78 1 1 17 16 31 1
4 90 7 6 6 7 0 0 25 73 33 35 17 1 1 68 29 58 61 4 1 19 1 12 60 1 12 7 24 32 7 4 38
3 0 2 17 25 0 39 8 1 21 81 6 55 19 0 92 69 12 73 20 0 16 4 42 2 89 1 92 5 74 29 78 75 5 0 43 68 0 16 87 47 34 58 7 1 31 29 44 80 66 5 11 0 3 7 21 15 97 19 3 32 6 71 13 0 25 55 24 7 19 0 58 52 22 1 67 5 96 0 3 0 8 4 44 8 1 6
28 10 5 55 2 20 9 26 51 68 16 0 20 1 12 12 14 47 13 10 87 13 35 1 11 66 23 60 32 7 44 30 2 40 0 8 1 1 0 0 71 48 59 31 23 10 5 40 11 0 28
19 6 9 0 39 33 96 3 0 1 22 97 33 76 7 1 94 3 88 53 0 18 9 28 62 26 2 71 1 27 3 2 16 23 5 69 51 8 17 0 59 0 15 23 2 13 54 32 10 0 9 0 15 48 26 72 0 18 2 97 38 31 17 0 0
92 2 3 34 23 20 3 20 43 58 25 88 58 1 78 19 50 4 38 85 8 45 75 22 5 7 1 0 4 4 5 3 29 1 5 11 54 28 33 30 2 2 17 18 1 28 15 16 12 18 9 72 0 3 0 12 0 18 2 11 12
0 26 0 2 4 32 3 0 0 0 25 28 0 2 6 59 11 28 9 37 17 51 9 41 42 7 24 0 16 0 4 23 9 3 66 5 25 0 43 0 22 0 2 36 50 69 67 43 4 51 84 9 4 6 4 16 0 6 2 2 18 0 84 8 14 6 20 27 53 23 78 13 0 78 92 18 61 50 9 72 0 0 92 1 7
58 7 25 35 88 22 26 0 55 23 48 53 52 32 29 55 0 0 2 17 4 74 25 0 76 13 7 2 65 79 1 73 9 1 0 47 2 2
92 0 12 33 34 84 17 1 29 89 29 77 1 16 67 3 29 4 23 57 19 94 5 22 2 2 62 26 0 63 41 71 61 47 47 4 24 13 44 53 7 77 3 30 9 6 1 10 30 5 43 66 0 19 82 7 26 0 2 0 7 5 7
1 54 10 11 44 4 0 3 3 18 3 32 90 17 1 5 0 45 44 0 4 31 59 1 4 94 1 38 4 76 16 36 1 2 69 29 6 1 35 11 20 0 0 32 1 2 0 39 2 39 64 15 34 3 2 0 2 87 15 65 0 55 5 47 49 0 3 33 34 1 21 1
0 0 5 40 8 4 51 2 2 14 6 31 5 54 0 17 0 0 33 1 7 10 1 5 61 77 3 65 0 43 16 42 15 20 1 9 10 35 2
15 8 52 0 2 7 98 0 85 0 11 7 7 14 67 36 48 1 81 0 41 1 2 15 55 5 23 47 7 1 0 73 5 7 18 12 88 2 98 15 16 53 0 0 63 14 33
73 41 13 30 0 10 4 61 41 4 12 0 15 18 83 4 13 54 30 31 21 25 1 89 3 1 1 0 35 23 51 3 37 12
35 48 5 59 5 33 32 1 27 11 0 0 2 96 25 43 87 51 74 4 2 0 74 0 3 6 82 9 12 1 2 1 2 21 16 3 1 41 0 18 0 74 90 2 3 7 86 36 19 56 27 0 11 0 22 0 26 89 0 11
88 47 17 19 35 1 8 0 27 1 21 1 88 82 10 3 8 3 6 6 25 64 4 41 6 29 10 13 90 0 53 1 0 0 6 38 15 2 5 6 2 97 25 2 0 26 36 15 8 0 54 16 0 0 1 1 0 71 3 98 9 23 10 36 1 17 84 2 17 29 1 31 4 67 12 28 2 38 0 10 3 0 7 3 16 8 28 0 16 6 60 0 66
8 1 0 20 9 82 9 90 24 75 56 9 96 7 11 37 18 40 4 8 23 22 18 0 7 36 4 3 42 23 0 9 2 0 7 75 20 2 23 34 1 24 65 0 0 15 72 8 2 14 7 62 55 4 0 19 7 63 6
31 0 20 0 99 74 14 59 0 54 0 20 33 47 5 9 11 90 16 6 3 7 0 28 60 28 29 13 71 2 30 11 79 0 36 5 0 35 28 22 13 9 1 6 50 92 0 9 31 12 9 19 50
23 15 3 0 55 3 5 19 33 3 0 31 2 16 19 1 80 0 4 4 29 5 42 42 3 60 24 21 8 11 5 2 47 88 25 0 0 26 0 59 0 12 15 9
5 1 25 14 19 0 89 4 0 17 83 96 54 30 21 18 5 71 1 3 3 0 0 96 28 68 36 60 83 63 37 20 75 71 1 3 15 15 24 41 3 3 23 42 93
3 2 11 5 22 3 1 3 0 39 39 17 32 17 10 36 15 58 36 6 4 83 91 13 9 0 5 91 4 1 25 2 52 0 2 45 92 3 12 12 40 0 91 69 2 30 36 72 8 54 0 0 4 15 0 98 0 6 28 5 0 0 0 17 19 0 6 62 68 90 4 10 2 11 15 91 17 7 1 13 30 1 4 3
35 4 0 53 0 10 21 95 43 10 25 54 16 6 74 70 0 38 47 26 25 22 60 9 0 10 0 29 34 19 5 3 31 4 77 0 7 5 1 99 10 3 2
1 28 21 6 36 18 1 91 0 37 0 16 75 9 10 18 13 0 2 11 10 2 21 2 60 6 0 38 14 34 8 0 97 0 1 12 45 26 18 15 41 5 70 7 3 1 1 2 0 23 0 19 0
1 97 15 32 22 3 1 6 1 1 38 1 23 26 3 0 13 72 98 57 2 51 3 0 8 23 0 64 1 19 20 16 85 0 6 2 22 15 22 76 47 26 28 81 5 0 0 12 0 41 2 0 8 12 52 43 8 9 45 0 6 1 16 1 13 1 1 38 0 14 11 19 43 22 78 46 60 26 15 43 17 89 52 91 34 61 13 45 71 82 13 34 33 10 81 88 23 50
49 4 0 0 7 49 2 1 38 0 64 5 45 1 38 8 33 1 66 10 8 44 5 81 98 99 2 80 15 15 9 57 9 13 2 6 1 7 53 1 40 57 19 11 69 4 96 95 17 15 48 36 23 34 16 1 64 19 1 2 78 13 11 9
60 6 1 0 1 4 66 2 19 4 13 13 87 2 7 0 58 10 24 77 83 4 1 0 97 2 3 0 6 9 2 92 44 1 1 7 37 20 5 38 3 5 1 83 98 74 35 21 11 25 4 4 80 51
68 31 91 75 87 29 3 30 6 41 43 36 7 7 4 3 5 0 24 19 19 12 24 7 3 25 10 2 3 83 9 46 24 17 7 35 6 8 43 3 21 8 2 1 67 45 6 18 17 16 26 0 13 25 10 0 35 22 68 1 0 54 3 0 4 1 5 37 2 7 13 46
16 9 3 90 10 25 0 15 43 3 1 97 20 0 15 56 1 0 2 4 0 3 4 7 3 0 0 22 0 44 0 3 75 0 69 67 46 0 0 1 13 82 26 34 1 27 4 20 25 27 16 72 1 31 19 15 67 1 4
21 0 79 57 0 89 3 10 99 11 83 1 55 51 84 58 0 79 6 9 28 23 33 17 22 11 10 28 0 0 0 19 26 1 36 5 66
0 25 61 0 0 0 6 76 4 2 17 11 10 9 3 24 67 4 3 12 8 19 71 0 32 16 5 24 3 45 4 28 3 0 0 95 2 83 85 5 99 35 13 2 1 2 3 6 45 0 0 0 6 42 32 16 10 0 5 4 13 26 8 0 31 4 78 15 7 11 0 1 11 0 0 2 25 7 26 58 3 40 25 88 34 1 4 1
47 24 10 0 4 41 7 0 5 7 21 86 36 1 3 8 84 0 20 0 44 16 73 2 53 0 27 84 4 9 75 29 5 13 3 8 0 94 12 0 0 2 30 54 3 7 67 0 9 90 40 22 1 18 11 16 94 3 38 0 0 9 7 6 10 15 15 84 27 0 2 7 32 3 71 22 0 3 6 35 1 26 90
59 7 3 3 0 7 1 10 6 36 42 19 0 15 1 42 28 0 1 11 38 15 30 59 2 76 31 22 8 23 4 5 11 0 23 1 0 24 1 38 16 37 7 56 19 1 38 0 23 1 28 0 1 0 16 4 45 61 19 1 49 8 13 4 2 0 6 5 12 4 75 7 64 1
3 25 23 71 0 64 37 8 74 0 13 93 4 0 60 0 47 3 12 14 2 38 3 93 20 67 29 5 21 28 15 25 56 70 7 2 17 44 16 0 14 2 3 66 5 50 65 41 33 0 53 8 25 0 2 18 2 2 0 21 5 91 12
1 25 7 3 22 6 13 0 28 29 16 33 2 2 0 1 61 0 17 33 63 38 9 2 0 0 16 61 0 3 12 4 79 9 0 14 48 15 0 0 0 0 3 0 0 5 17 15 0 1 9 77 58 68 0 17 23 15 64 40 9 92 7 4 11 3 9 48 85 72 0 69 87
51 32 73 82 51 6 60 17 58 28 17 98 2 0 87 5 10 0 44 3 0 19 1 30 1 3 5 18 5 3 22 19 1 1 25 1 2 0 5 3 16 10 37 67 38 8 20 63 2 26 20 15 4 53 1 9 15 28 58 32 1 0 0 14 31 27 7 6 29 43 62 17 8 52 27 20 64 28 67 1
2 4 47 0 0 3 2 0 0 44 0 18 55 15 18 1 5 6 7 5 10 8 9 0 0 5 86 18 71 0 18 23 8 25 69 99 2 66 25 77 0 12 89 18 72 30 53 30 73 13 17 10 43 0 1 29 21 13 1 8 12 0 57 0 21 48 25 36 8 96 1 58 83 57 9 0 0 4 81 5 74 3 2 75 1 0 4 27 70 7
35 0 18 5 92 2 12 19 80 45 52 0 34 71 2 74 4 0 21 22 0 78 73 1 0 42 11 71 0 29 55 27 15 85 17
12 0 27 10 4 29 0 4 97 62 2 7 70 81 0 8 18 1 61 41 6 4 1 0 40 13 0 1 38 69 13 16 2 62 0 10 0 0 31 99 1 0 56 47 9 29 70 60 7 11 92 2 6 1 17 3 15 22 42 9 0 40 75 94 52
29 0 69 22 10 22 46 1 6 9 6 1 1 72 7 0 19 14 89 56 3 19 13 27 28 9 24 0 0 9 0 22 7 5 0 56 0 2 46 14 30 93 3 7
9 0 14 32 44 33 0 3 92 91 1 2 2 0 46 7 77 54 74 44 95 2 8 1 0 69 2 9 13 48 28 2 20 13 18 0 0 23 43 2 0 0 18 65 0 90 9 0 6 5 16 46 80 4 60 4 21 27 0 1 36 65 1 23 24 1 13 0 27 6 3 30 71 0 11 40 6 34 1 73 92
1 2 21 8 25 34 11 18 0 58 66 5 0 81 70 12 10 0 9 7 96 56 57 0 24 1 87 40 45 9 31 13 0 3 34 3 6 36
1 0 0 37 6 29 0 0 3 4 14 98 5 52 72 2 25 40 61 54 34 8 75 10 79 32 3 1 1 44 43 78 33 55 3 3 84 80 0 11 5 71 46 11 0 0 81 7 91 4 5 0 51 47 8 30 0 19 19 40 7 13 9 0 18 46 44 2 19 7 11 12 3 22 17
40 4 19 2 26 49 5 7 25 0 0 1 1 28 14 8 2 59 35 5 3 17 1 2 0 0 47 1 84 9 16 6 37
5 5 0 2 16 1 50 26 97 1 44 1 6 96 11 0 33 39 22 2 0 30 8 22 91 0 48 0 14 16 3 28 1 4 0 25 53 5 31 13 8 65 2 46 0 2 4 1 2 30 92 69 17 17 0 3 34 0 76 83 2 20 56 14 20 41 0 1 17 23 2 12 7 10 81 35 85 24 5 4 3 40 2 17 0 10 17 11 41 12 8 47 74 27 95
7 4 10 2 30 11 0 2 91 64 32 73 1 14 0 56 1 0 0 77 14 0 12 0 29 34 17 49 56 0 0 0 78 22 52 1 4 35 62 3 13
73 0 26 0 40 73 12 6 38 0 70 0 14 86 30 3 16 35 23 1 16 39 6 34 0 1 74 6 15 16 74 53 48 0 19 3 72 80 5 7 16 15 0 2 10 0 4 2 10 57 40 99 30
52 4 79 8 3 58 0 27 10 15 11 0 0 5 19 1 1 34 3 6 0 0 29 2 0 7 22 12 35 17 42 11 3 10 7 0 27
33 3 0 62 80 43 76 1 0 8 3 15 0 15 0 36 99 65 8 53 16 87 39 0 99 0 11 6 15 18 8 14 82 0 15 9 1 8 0 10 11 33 28 86 40 3 4 73 49 1 73 17 34 0 2 74 9 0 68 0 5 24 0 1 50 44 22 77 23 23 0 10 53 2 22 9 62 24 0 3 51 11 68 34 9 2 7 8 8 12 25 11 88 50 9 26 16
12 1 0 42 2 32 5 2 2 54 0 82 7 29 0 5 87 13 46 4 8 29 33 2 0 45 44 2 6 28 85 34 1 86 0 27 37 52 2 47 8 2 67 12 52 1 20 20 3 2 13 35 2 0 96 29 95 5 60 97 80 60 54 10 37 1 0 5 92 6 9 0 14 11 52 8 60 80 4 0 24 99
62 20 4 9 82 46 0 47 36 3 81 92 1 1 30 4 2 39 4 77 2 4 79 10 64 49 16 5 12 71 74 16 7 3 43 35
61 84 71 5 1 73 9 6 42 0 11 90 61 12 99 36 3 66 36 3 0 0 46 71 84 9 0 21 88 38 1 1 13 32 12 3 25 59 0 27 17 1 9 47 9 3 80 13 55 1 33 0 0 99 4 90 75 9 68 1 60 26 4 86 19 14 17 14 14 1 66 7 40 1 12 73 54 10 16 1 2 0 3 0
0 16 1 3 9 24 51 4 1 7 90 0 1 12 7 1 1 12 0 19 2 0 13 1 29 29 17 38 0 31 10 2 10 0 36 1 8 82 1 5 0 7 2 0 43 0 1 20 21 0 22 52 6 5
9 58 26 1 42 7 4 1 0 42 6 11 61 1 34 14 10 30 1 38 65 11 11 2 9 78 15 41 70 7 1 19 1 29 0 53 0 18 0 1 3 32 0 27 36 0 0 96 23 0 5
32 73 15 61 4 85 7 11 3 41 4 68 4 46 0 40 59 9 21 0 2 32 33 1 89 0 50 84 4 7 45 10 15 22 54 0 41 3 3 3 0 6 91 51 13 33 0 25 20 69 1 6 29 26
48 3 9 57 89 1 0 5 23 60 91 59 30 86 2 89 4 16 14 50 0 4 64 66 31 14 0 58 22 0 0 32 11 0 29 20 7 9 22 58 1 0 20 77 5 33 29 4 9 63 6 3 6 56
66 56 8 7 3 1 0 49 94 5 1 47 0 4 25 47 5 24 6 1 16 13 28 11 8 15 2 72 23 8 28 2 0 84 0 40 3 28 43 99
38 11 7 0 11 43 94 12 4 99 16 89 29 49 32 23 1 5 15 9 1 0 20 19 0 32 34 0 16 0 18 0 3 11 24 0 1 0 0 40 50 1 12 59 3 10 1 0 7 5 5 2 41 12 2 4 83 3 83 1 35 10 53 11 74 1 2 3 12 93 88 12 0
2 4 0 21 51 12 32 0 4 1 0 3 13 5 59 50 75 1 11 22 73 69 26 44 59 0 16 74 4 19 1 26 13 2 31 57 96 17 12
0 45 4 1 1 19 82 26 9 6 18 8 1 29 3 4 66 13 63 0 92 19 12 94 89 16 5 3 31 0 0 99 66
91 3 0 76 1 46 83 16 54 0 0 81 3 61 8 49 1 70 1 54 27 42 2 1 0 58 7 2 2 72 52 5 90 19 2 96 25 1 1 64 2 1 8 5 2 36 0 1 12 19 30 2 22 9 9 4 18 6 2 2 0
1 10 48 0 36 0 25 48 4 1 26 0 11 1 57 63 17 25 48 68 4 1 11 5 34 15 4 0 4 7 42 7 6 47
17 25 10 1 58 11 7 24 0 7 51 5 3 73 24 6 62 42 33 44 54 1 0 11 20 4 89 2 6 0 53 75 89 18 0 21 4 4 4 35 4 8 3 6 48 68 1 11 2 43 0 5 1 36 17 1 10 17 1 95 76 4 24 11 2 32 1 13 2 12 29 0 6 5 11 34 29 13 2 12 0 7 3
86 46 3 62 14 98 9 61 2 12 3 15 5 3 0 0 13 72 39 2 14 76 29 32 0 76 85 19 17 4 32 1 2 0 56 3 17 3 20 5 44 16 3 6 96 0 15 92 1 85 23 3 11 67 28 12 71 79 56 62 6 27 0 6 18 0 4 72 26
23 3 57 51 5 13 27 18 3 0 86 32 6 95 17 1 0 0 3 65 43 70 6 0 74 0 0 52 47 1 8 6 0 13 0 52 96 2 0 46 35 29 0 25 6 2 1 10 0 41 49 49 0 16 0 78 1 71 1 10 18 7 0 37 34 2 6 6 88 6 18 9 21 0 78 0 60 32 53 81 67 98 44 0 89 11 17 13 3 43
42 0 24 68 68 82 1 2 32 1 1 24 3 19 0 0 9 5 74 6 43 17 67 12 2 24 57 19 1 3 30 27 25 0 14 1 3 10 63 39 0 12 15 48 39 27 67 8 6 5 1 64 22 7 71 0 20 14 4 2 84 9 0 62 0 74 1 67 8 5 55 0 51 0 83 0 0
90 80 39 38 9 2 21 99 28 0 2 26 26 77 2 70 12 94 2 38 17 50 0 95 1 3 55 42 8 4
4 2 3 64 79 5 47 10 97 1 34 42 23 14 95 0 13 72 12 74 57 63 7 84 94 4 0 13 96 39 38 4 6 1 2 0 10 1 15 21 19 49 19 0 3 57 84 0 0 0 86 4 51 4
4 12 24 15 24 35 57 99 18 0 0 1 7 47 2 43 62 28 53 21 33 8 1 17 38 81 1 3 25 40 6 3 0 8 2 6 65 38 14 13 74 12 1 33 4 49 40 0 0 13 1 0 37 20 5 16 5 3 9 99 0 2 25 56 0 46 23 29 3 26 50 89 1 22 33 2 39 44 96 3 6 43 62 21 4 0 6 8 0 34 17 41 25 32 12 30 48
60 3 55 3 67 75 45 7 5 12 3 25 6 1 14 16 1 14 19 26 1 8 32 39 94 1 39 38 54 85 30 13 7 5 19 19 12 11 97 1 27 1 9 81 29 7 99 1 45 5 11 73 31 2
60 69 45 1 34 17 0 7 21 3 37 41 7 73 78 27 37 1 6 39 49 10 4 52 40 35 0 81 97 25
62 0 5 12 76 73 97 9 8 52 72 53 0 21 62 30 32 4 75 1 8 0 44 1 1 1 0 4 17 47 11 0 2 3 6 19 70 6 7 20 72 86 7 73 0 4 85 6 4 1 0 51 23 8 28 63 9 1 15 2 5 66 8 0 86 69 15 24 6 17 2 0 22
12 17 1 8 4 1 9 1 24 1 9 15 9 40 66 47 45 0 4 29 36 41 58 77 8 36 49 89 18 3 20 59 57 0 2 0 2 73 40 0 31 0 26 4 3 89 16 32 74 21 78 86 29 22 1 1 65 6 8 3 76 1 59
58 12 49 5 4 11 2 16 12 33 0 31 65 72 11 10 29 85 6 1 42 10 0 73 0 1 3 86 3 7 26 0 9 6 77 87 0 82 1 2 23 3 0 18 8 1 22 9 3 28 3 13 68 5 94 30 4 12 4 6 2 19 6 7 2 1 0 24 97 0 0 53 71 5 12 18 22 45 2 29 1
3 4 20 42 27 31 44 75 13 60 8 4 44 12 63 16 1 71 15 2 3 38 42 2 1 4 20 11 0 19 0 54 0 17 16 1 1 31 81 49 9 5 1 81 24 24 49 41 2 59 3 7 58 9 1 0 1 52 9 2 1 16 6 4 10 18 53 37 2 0 13 59 4 63 54 0 37 1 75 51 32 32
0 0 2 1 1 8 45 0 59 22 6 0 3 8 3 1 3 60 4 15 86 1 0 2 2 1 21 55 51 13 37 1 42 88 2 20 1 3 31 2 16 1 41 57 1 14 3 0 37 32 77 6 90 3 1 18 24 11 58 2 8 73 50 17 49 34 1 67 66 11 0 9 0 1 28 4 95 7 23 2 71 10 95 35 25 37 0 2
30 84 22 9 42 11 25 28 3 17 31 2 2 6 31 82 95 45 15 3 30 58 17 0 1 0 0 1 44 23 78 1 53 28 88 0 27 8 27 18 13 1 29 0 4 10 42 2 0 6 31 68 9 17 5 1 58 5
44 0 10 11 94 0 27 7 6 4 24 46 87 2 35 8 51 7 64 55 45 0 75 63 0 20 50 1 4 0 15 61 1 13 0 29 1 68 49 0 32 25 1 40 3 25 6 2 1 61 7 26 7 10 0 10 13 1 13 22 66 1 2 8 4 2 0 48 0 0 1 81 8 12 2 12 14 2 5 34 9
28 13 2 15 69 0 23 1 0 33 17 76 27 0 33 57 6 5 28 22 43 19 29 0 21 0 16 5 61 74 11 16 17 1 0 64 37 4 97 56 31 1 13 27 0 96 0 81 37 91 40 63 1 2 35 52
6 32 0 72 6 0 0 6 26 75 6 72 1 93 11 68 39 14 19 6 58 83 0 44 63 6 35 25 19 3 20 1 0 0 19 31 35 11 61 94 9 17 1 15 7 9 34 24 14 47 0 53 0 10 3 4 5 1 6 76 0 0 0 88 46 6 4 0 12 49 10 5 3 7 17 33 0 41 20 0 79 1 0 4 40 0 0 35 11 4 8
5 16 1 21 76 12 9 6 2 0 61 45 55 13 8 23 25 73 9 6 46 9 3 69 23 29 45 0 6 2
84 1 0 20 69 0 0 56 97 66 2 71 57 12 73 1 73 4 5 55 99 25 6 79 1 46 58 95 6 76 0 24 1 33 13 39 20 46 38 16 2 12 5 80 5 9 11 0 8 84 40 83 94 39 13 2 19 1 43 0 27 13 58 1 98 8 50
0 2 39 7 3 85 3 4 17 31 14 2 13 5 9 8 27 6 1 5 28 1 46 82 1 3 18 18 25 45 58 1 99 6
25 10 11 87 1 1 14 5 25 0 68 14 2 51 87 17 0 0 5 2 10 18 72 85 2 4 57 74 70 44 63 22 20 77
74 17 7 28 31 24 14 2 47 48 5 1 34 4 6 30 26 20 80 55 0 12 0 62 10 0 94 23 6 12 11 19 25 66 2 49 27 11 17 2 55 0 33 15 13 30
5 2 63 73 20 23 6 4 0 0 1 53 4 44 1 79 26 16 2 3 98 49 1 73 26 89 13 20 47 1 97 19 8 5 26 43 5 10 18 16 2 0 63 63 2 12 81 38 78 72 14
0 1 25 5 1 1 26 6 61 0 3 99 4 58 10 78 32 56 16 82 6 0 57 0 7 0 92 3 13 2 2 5
12 1 0 90 1 5 0 55 6 19 42 68 59 99 50 5 35 2 60 34 8 82 0 6 3 90 23 0 11 38 5 8 4 9 0 25 18 80 0 10 51 59 1 92 0 1 38 2 24 9 22 2 5 73 2 0 7 14 33 73 4 0 0 0 66 81 21 1 66 3 27 87 0
25 92 36 1 21 21 0 31 78 15 88 3 2 3 36 49 2 23 31 5 3 97 89 50 52 16 10 36 1 16 27 10 49 0 57 20 46 94 13 73 0 92 7 5 59 3 5 25
25 45 20 5 0 55 5 12 82 3 9 2 14 5 1 5 0 17 8 74 4 5 0 1 20 22 28 11 5 11 60 2 27 0 0 0 5 70 35 50 11 65 24 56 26 4 0 1 42 14 0 72 0 47 21 5 0 1 65 71 20 33 73 28 35 59 16 45 28 31
15 13 0 6 17 55 0 1 34 1 7 82 30 4 1 33 13 1 62 28 33 13 0 88 6 61 54 51 1 2 7 1 12 10 46 21 68 6 4 83 0 13 3 0 3 3 62 1 0 0 32 82 69 4 58 9 98 4 0 0 37 26 9 0 22 1 98 0 2 0 14 17 8 2 61 9 1 33 34 0 2 4 28 0 14 50 0 95 23
1 0 95 1 0 49 12 29 37 26 56 17 8 41 9 1 22 57 5 45 55 7 8 0 1 47 0 35 38 22 43 13 8 46 80 5 95 14 41 10 33 8 13 1 10 28 1 19 64 21 0 37 81 1 2 3 28 59 7 24 0 53 0
17 99 8 52 36 0 42 5 5 52 1 24 12 24 30 18 15 33 95 0 9 0 72 55 11 12 1 17 79 26 94 0 68 0 32 3
75 15 19 1 11 26 2 0 86 6 16 63 32 4 5 0 94 2 2 0 3 94 69 28 0 89 13 35 11 7 15 21 0 6 22 1 2 7 2 2 1 8 7 4 85 26 6 60 0 83 57 1 39 24 3 4 56 36 1 23 64 95 6 10 96 52 19 29 13 71 6 4 32 35 3
30 7 2 31 0 77 3 2 2 28 1 99 5 25 1 27 17 68 21 8 81 26 67 10 3 10 30 41 47 0 5 18 0 58 80 25 5 96 70 99 96 15 99 57 0 30 3 4 3 0 0 26 89 13 39 48 26 10 99 24 11 0 0 1 24 93 31 69 1 9 9 31 6 95 72 2 2 48 4 5 6 85 34 11 0 13 41 3 0 11 3 1
8 37 3 11 98 3 19 1 10 1 4 1 61 9 29 20 93 72 40 14 83 0 5 10 9 88 16 13 37 18 4 58 33 22 38 2
6 31 27 11 43 0 8 42 83 4 92 23 5 82 41 3 5 23 74 9 2 26 1 0 2 1 3 75 25 0 20 21 24 32 2 3 0 16 1 16 20 0 5 3 2 53 59 34 2 4 33 64 35 7 91 5 0 0 13 0 38 8 12 47 21 6 0 59 57 44 46 6 41 2 18 47 0 2 30 58 62 21 55 12 63 2 1 10 3
35 80 73 1 10 34 4 7 53 10 29 46 19 27 13 2 2 11 75 87 47 15 28 17 18 83 55 76 15 22 27 1 7 13 54 27 0 20 24 3 3 61 2 0 4 8 93 28 10 0 1 44 95 0 39 83 17 58 2 12 9 12 3 0 6 11 0 65
77 59 12 10 11 74 0 4 71 5 3 8 9 51 28 87 35 1 1 82 39 0 15 14 90 22 26 1 73 18 77 86 2 6 45 2 24 19 4 98 0 60 6 5 1 43 2 1 4 7 18 55 18 44 1 0 12
35 6 27 60 0 1 88 47 18 19 99 29 14 72 71 0 39 2 4 88 61 4 2 98 72 5 7 16 7 16 35 55 6 49 3 10 0 3 77 73 29 2 38 2 59 3 16 3 11 5 18 4 3 99 45 62 9 6 29 36 3 26 11 1 2 30 12 40 14 6 10 94 42 4 24 1 70 3 90 15 53 48 3 6 0 8 0
16 43 2 81 20 76 25 1 67 16 20 6 8 14 0 0 8 3 0 2 48 1 9 96 0 16 49 76 4 10 4 0 11 23 0 1 3 4 14 0 1 2 6 7 2 17 73 0 61 0 8 75 4 36 53 8 2 50 18 5 3 2 9 22 4 86
11 27 72 69 92 40 6 5 6 60 43 0 16 0 83 0 5 0 0 49 0 50 68 1 9 20 17 13 73 41 3 0 9 49 64 33 4 0 0
90 13 0 3 0 31 16 21 20 24 21 7 36 0 6 35 67 55 0 2 67 67 2 51 1 6 17 55 0 0 15 13 59 5 3 78 3 0 77 4 17 44 0 0 41 20 19 25
5 1 0 5 1 10 0 12 4 14 0 1 0 1 9 3 56 97 10 0 32 26 15 35 0 48 1 7 16 30 58 27 41 78 5 93 61 81 12 83 6 13 9 0 8
2 15 3 12 2 0 14 1 0 74 29 30 62 0 74 66 99 41 2 6 21 11 6 1 5 23 4 96 10 7 0 15 48 70 21 24 17 78 4 5 3 32 41 8 38 9 59 24 2 38 1 40 27 99 49 87 5 0 84 69 8 26 0 28 2 6 82 95 0 2 6 96 83 4 15 47 5 48
6 26 96 2 45 66 76 95 50 12 4 28 60 1 93 28 5 38 7 23 80 53 9 51 0 4 6 16 34 72 1 10 24 12 0 61 4 55 3 4 26 39 34 58 68 27 1 12 0 15 1 36 7 60 1 42 11 3 48 11 5 0 51 27 19 44 54 69 78 19 10 13 50 17 19 96 54 98 79 0 0 0 91 0 0 1 30 72 42 27 5
0 1 2 0 0 6 1 81 64 0 90 6 5 81 49 29 8 3 2 2 86 2 1 83 35 0 20 2 67 12 36 1 8 0 10 89
7 38 47 1 1 0 4 47 76 61 49 9 0 28 16 13 0 82 55 5 39 62 0 8 52 19 13 5 89 5 61 13 9 14 1 70 58 0 1 37 95 5 7 81 11 96 67 3 6 14 4 7 6 12 22 29 5 90 1 28 89 84 48 63 22 37 88 1 13 16 47 4 2 19 21 14 30 94 2 88 73 90 0
2 69 42 21 4 1 49 0 1 50 14 2 5 0 63 74 1 13 3 21 6 2 38 16 0 17 14 3 67 39 72 43 4 18 21 23 33 1 27 24 1 52 6 8 0 26 0 52 36 26 30 13 90 8 21 12 92 80 59 34 33 1 0 29 13 77 26 3 79 1 24 4 0 8 0 12 9 12 1 5 44 34 14 5 3 29 98 13 18 3 2 37 54
37 0 30 13 0 10 27 39 60 7 57 82 73 2 6 51 20 15 6 4 2 23 7 44 0 8 31 0 41 9 0 81 11 0 21 0 27 0 64 98 54 9 18 1 87 0 59 28 36 0 0 0 0 40 73 0 1 0 90 28 1 65 27 49 0 0 9 1 7 1 0 11 25 19 17 12 1 97 0 14 0 24
0 3 0 76 1 10 2 3 0 1 81 39 55 43 88 0 4 64 5 0 0 89 11 64 18 4 30 1 2 0 2 9 41 47 24 7 19 56 8 22 3 33 2 14 47 18 0 2
65 45 2 90 12 6 0 6 1 3 75 44 0 1 55 2 52 0 0 14 1 0 44 24 32 1 18 9 99 10 0 43 33 15 13 0 46 7 42 0 8 44 0 1 80
15 39 0 0 2 43 77 21 60 0 4 0 28 71 0 17 4 2 6 46 0 1 43 0 1 27 1 17 8 54 5 0 7 0 42 12 29 1 61 67 76 10 34 18 1 31 0 1
1 29 77 57 36 0 78 20 2 24 1 10 36 21 48 38 64 1 2 6 0 15 39 0 73 58 57 8 2 10 25 2 11 28 9 17 27 0 11 0 4 2 2 51 42 0 1 9 28 51 9 1 18 14 68 9 16 86 61 1 10 5
0 4 15 0 25 38 6 0 53 1 9 40 14 27 1 5 2 74 5 3 39 2 66 6 2 2 68 62 21 81 5 73 24 99 13 30 7 55 3 0 27 1 16 58 0 40 40 23 37 11 77 2 4 97 12
0 0 84 49 10 7 1 16 7 50 0 3 70 3 44 1 8 19 37 0 39 15 52 4 77 64 1 24 18 13 1 5 71 59 0 97 62 69 2 35 3 67 35 0 30 10 0 55 11 46 66 80 9 33 4 5 93 11 16 29 16 7 29
4 5 69 39 25 18 67 38 0 50 3 0 5 3 26 17 3 6 1 5 71 9 19 15 80 1 17 5 1 1 1 62 1 1 0 0 44 7 20 5 6 79 22 1 28 54 0 22 57 20 51 1 7 3 0 0 99 0 16 44 49 80 29 6 26 26 38 4 10 44 48 8 79 1 0 18 31 6 21 0 49 1 41 40 2 69 2 3 9 37 53 61 20 10 26 54 9 29 2
1 57 93 70 19 13 0 50 43 1 97 44 1 38 34 11 5 29 4 10 29 6 7 2 5 28 78 31 82 26 9 4 13 75 11 27 49 19 15 7 41 13 15 1 12 11 23 18 0 27 63 22 26 31 28 61 24 7 4 6 94 6 1 43
52 4 48 3 21 0 59 12 22 6 39 66 29 60 11 16 92 0 0 2 16 15 10 0 12 3 49 4 30 2 6 25 0 97 62 28 16 1 2 1 80 0 30 46 0 85 37 8 0 10 23 19 0 9 73 2 38 10 34 2 14 55 2 52 0 9 16 0 9 49 86 47 15 29 4 0 59 54 48 1 4 10 94 77 1 19
18 4 21 11 2 1 48 81 1 69 20 88 15 0 15 84 2 14 24 1 8 74 2 23 0 3 33 1 1 32 42 4 65 21 8 78 8 0 43 5 6 8 2
0 3 1 0 46 26 60 49 2 0 1 88 6 0 5 1 55 2 9 44 16 0 5 40 5 16 5 0 13 23 11 54 1 7 2 1 72 5 4 1 2 58 60 34 79 11 9 90 0 4 66 1 3 52 5 7 10 79 10 0
43 0 3 85 8 25 4 16 30 40 0 6 2 4 0 0 4 0 3 1 2 80 6 45 0 0 6 10 7 0 80 4 19 63 0 9 12 35 9 5 5 4 87 29 0 23 23 0 14 0 59 1 0 96 8 17 57 2 23 55
17 9 0 10 64 43 1 0 14 31 0 4 51 23 83 0 15 0 14 94 12 55 15 0 25 18 44 51 0 31 61 32 5 0 6 9 9 1 26 1 61 30 17 0 0 1 13 42 64 28 32 6 9 12 77 36 94 21 38 1 12 54 10 9 30 36 2 78 1 6 16 28 0 35
14 2 3 8 22 1 78 36 41 53 53 99 0 8 1 3 71 0 0 41 1 7 9 56 0 61 69 2 4 80 23 0 14 76 33 3 23 2 6 62 0 0 9 4 0 37 1 6 67 56 74 31 45 2 77 1 51 97 30 81
3 74 46 3 34 5 20 66 5 5 67 69 0 51 17 88 0 39 40 55 6 1 97 21 5 29 42 17 3 8 2 11 56 16 7 1 5 15 0 16 5 15 3 0 0 16 82 87 24 76 9 2 17 8 4 0 26 40 71 98 69 84 4 1 1 83 0 64 1 28 78 97 48 16 56 0 26
8 2 6 0 63 8 11 4 24 52 96 27 57 30 6 17 7 32 3 43 1 18 78 16 47 7 85 16 14 73 7 36 25 80 31 96 83 12 63 7 2 36 9 7 1 11 0 5 52 5 14 44 9 1 81 46 75 48 63 1 56 95 0 0 57 12 12 0 4 80 13 68 4 5 0 2 63 0 10 73 59 17 0 11 14 15 21 1 0 13 10 13
73 26 11 3 1 1 2 53 95 92 0 26 0 41 68 13 56 9 1 53 28 0 4 85 29 86 38 9 78 62 26 57 6 90 17 38 14 3 17 22 10 8 27 74 48 20 0 5 4 10 47 96 95 41 17 2 14 40 62 96 76 13 2 2 21 42 32 1 13
9 13 4 5 3 2 28 20 86 3 64 53 20 7 43 10 33 32 68 59 69 74 58 46 38 0 12 19 44 11 4 9
8 88 19 5 5 5 5 4 52 3 55 3 21 6 5 82 1 18 5 12 48 2 1 41 11 50 13 21 25 21 12 0 93 38 67 82 38 0 5 86 4 25 27 7 1 57 4 2 0 1 0 3 3 21 28 1 79 39 2
50 21 30 7 6 4 34 19 64 24 18 54 53 14 1 1 1 3 6 41 82 40 11 88 0 96 1 92 51 4 13 21 2 3 20 90 22 1 29 75 3 65 47 4 1 66 5 46 48 30 1 1 15 40 77 12 2 64 1 42 49 4 1 61 11 74 3 5 67 31
4 25 15 34 6 57 56 0 59 22 46 4 2 66 54 67 3 1 12 82 0 0 57 10 4 11 1 0 38 0 0
97 2 55 2 2 57 20 25 1 10 33 5 7 0 0 5 2 53 65 67 5 81 5 6 2 26 3 5 58 2 34 3 26 1 10 5 14 6 20 1 0 0 10 37 40 57 27 14 40 43 16 24 28 88 0 53 6 16 45 1 1 0 20 2 1 11 87 17 12 51 53 49
24 20 10 5 1 12 10 28 0 9 41 3 81 3 0 0 12 6 43 23 98 18 24 12 0 39 8 3 92 66 40 12 0 1 2 0 87 30 3 0 3 12 19 7 39 0 0 37 28 10 13 2 66 40 15 1 43 3 2 30 70 38 69 98 50 94 0 51 0 13 1 2 32 1
20 30 52 2 23 93 26 0 49 82 5 4 12 0 2 0 42 40 7 6 25 0 15 19 22 20 93 15 46 0 68 12 0 10 3 12 1 29 16 0 2 68 11 11 3 42 0 1 0 1 1 18 2 5 4 0 14 11
53 35 0 8 20 1 31 1 18 2 64 40 5 25 30 1 0 61 77 0 11 7 17 21 31 77 56 5 48 91 24 0 3 59 45 96 0 26 20 58 20 80 14 1 26 76
90 62 0 52 25 0 12 33 90 4 8 90 0 28 27 0 36 16 1 24 47 32 3 5 0 1 1 39 13 65 11 14 0 0 9 54 55 3 65 4 24 12 5 91 5 58 25 46 66 13 1 0 30 97 1 89 12 0 95 24 23 69 27 72 3 0 13 83 26 16 18 1 1 17 0 85 1 97 8 2 6 84 80 0 34 33 36
57 7 20 12 4 29 3 22 3 19 33 43 31 31 5 12 1 0 20 7 11 16 0 10 5 13 2 3 68 38 72 0 10 1 3 12 0 79 0 5 1 53 16 1 13 0 1 5 52 76 0 4 11 0 75 3 1 2 19 77 37 6 3 12 5
6 22 96 34 7 1 6 2 17 44 1 2 0 8 36 0 19 2 1 1 68 45 8 89 46 33 8 1 12 21 16 3 59 3 1 26 47 30 0 32 1 17 57 1 5 51 16 22 20 51 23 35 2 43 1 22 12 0 3 9 9 0 1 97 0 46 6 0 0 0 50 0 2 4 68 6 4 2 2 80 7 29 10 12 5 2 0 33 7 2 86
1 48 1 71 45 3 99 92 49 6 7 21 2 29 93 81 40 39 82 43 54 3 24 25 31 2 6 32 39 50 4 0 14 0 7 51 1 1 46 0 77 13 0 45 15 16 22 5 50 24 44 65 33 19 0
73 0 0 17 1 9 22 1 39 47 94 3 0 55 92 19 5 49 0 1 3 7 0 90 6 30 15 2 3 25 18 43 0 3 8
8 70 41 32 49 4 8 42 4 61 6 15 11 3 47 17 10 30 3 53 12 5 74 2 27 52 0 0 29 33 0 25
12 9 8 0 13 6 9 5 40 80 0 65 4 0 2 17 4 15 0 11 41 7 41 42 15 4 51 4 97 0 4 0 28 2 60 1 1 15 0 7 13 4 6 38 1 4 0 79 2 25 30 5 4 68 47 0 34 1 14 49 73 71 0 2 44 73 6 3 2 2 52
1 97 4 39 8 0 90 72 52 2 21 67 32 0 66 15 12 10 23 17 18 1 37 32 1 63 81 4 6 15 9 22 19 30 2 5 11 21 12 41 7 74 22 23 2 0 14 6 8 51 3 9 71 57 34 0 5 6 65 11 25 29 17 31 86 4 45 8 2 51 14 4 9 1 9 0 17
91 4 16 58 2 28 2 11 43 1 72 4 26 3 2 13 25 51 0 5 10 0 0 80 60 37 14 19 1 65 11 46 46
3 47 9 29 10 52 7 42 15 4 57 19 15 3 86 53 23 0 1 0 96 4 52 13 29 1 78 14 8 60 8 0 1 20 30 11 81 1 98 65 2 7 52 0 94 92 7 59 1 0 61 0 79 22 5 0
69 83 98 4 1 84 4 11 1 28 1 22 1 2 65 0 30 11 23 4 8 0 7 6 60 9 67 11 67 44 88 61 36 0 0 13 2 1 20 12 35 50 12 50 11 39 9 9 92 26 28 5 5 10 64 65 64 9 8 41 21 42 3 3 80 3 13 0 81 4 0 34 1 23 56 96 48 29
27 52 12 4 35 35 13 0 23 14 60 32 52 32 25 6 22 92 2 16 10 5 39 2 1 2 23 54 61 48 0 66
8 3 50 0 0 0 33 5 0 0 0 8 8 65 2 0 29 4 23 97 32 15 56 10 3 19 14 1 0 48 2 4 21 2 13 15 99 60 11 20 53 36 4 8 6 8 0 8 5 0 2 0 13 56 19 28 1 40 9 3 2 1 9 8 39 97 21 16 84 55 15 4 17 68 4 5 22 0
65 23 13 13 57 0 82 93 99 0 96 11 16 21 0 0 22 40 4 75 30 7 38 1 9 0 83 21 0 3 2 18 15 25 57 40 21 0 0 47 0 53 16 0 3 2 57 28 40 16 36 1 0 11 3 23 0 62 38 18 5 2 25 17 54 7 0 29 1
53 1 3 3 31 0 69 76 66 18 63 42 0 22 22 0 7 76 3 77 22 29 70 0 0 66 48 70 55 71 82 52 14 49 56 2 3 15 7 52 6 37 17 7 84 1 44 28 0 11 2 0 39 0 7 2 40 19 25 32 31 50 38 2 29 91 97 6 1 10 17 0 23 99 7 9 27 0 28 15 2 11
53 15 7 18 6 31 0 1 26 11 16 55 50 0 17 12 20 0 4 71 3 42 27 39 37 36 1 3 0 25 41 78 18 0 34 0 10 56 4 74 0 1 71 11 9 0 48 75 25 5 2 21 1 89 2 7 43
3 3 23 16 5 36 6 5 65 9 46 65 33 1 10 17 15 18 19 0 0 2 6 9 7 0 0 1 17 17 19 3 2 3 81
0 79 55 0 19 92 0 22 48 7 90 63 5 57 80 11 4 12 1 27 32 60 39 37 4 3 12 39 42 58 27 3 27 17 11 34 33 7 4 8 87 87 7 93 65 82 2 4 9 90 25
27 12 3 29 10 38 33 17 0 16 3 76 32 87 15 67 69 36 11 4 50 0 68 10 4 4 46 17 2 18 4 21 0 26 33 20 25 19 11 75 0 11 56 2 2 91 85 12 4 52 0 36 74 13 42 6 40 28 97 2 7 0 5 3 23 20 0 14 46 33 4 46 6 7 3 38 0 3 70 90 8 0 2 8 31 7 64 58 52 30 13
0 8 9 21 38 17 21 21 9 0 11 2 13 10 94 1 1 0 5 5 68 3 20 0 25 51 52 50 46 8 68 54 16 0 73 98 0 0 0 30 0 55 10 2 1 14 6 7 25 0 18
0 38 83 7 6 68 32 55 71 3 43 11 90 0 69 88 31 2 65 70 64 1 15 0 8 20 4 31 87 74 10 30 85 4 57 7 9 95 7 31 56 6 0 11 34 0 5 3 31 4 83 0 1 26 55 0 38 50 11 0 1 85 0 92 51 2 23 41 16 40 53 3
0 5 37 34 79 36 97 31 83 28 87 4 0 9 43 0 91 52 2 31 3 3 26 3 0 0 1 8 15 96 55 1 35 7 13 47 16 96 27 5 78 0 30 3 3 33 1 28 54 48 90 22 2 80 25 35 8 4 60 40 5 8 20 31 69 2 98 31 8 60
3 11 93 74 0 31 43 0 10 0 58 18 21 2 19 7 49 12 2 31 0 0 0 13 3 6 0 13 5 17 86 14 1 0 93 20 0 20 16 27 53 18 37 2 0 35 1 12 82 11 0 7 1 32 0
63 12 0 0 58 28 1 69 22 2 0 38 69 72 32 15 9 13 10 6 66 19 8 40 52 3 0 1 10 22 0 3 53 13 18 9 58 0 74 64 23 1 8 2 0 89 39 32 1 16 1 4 4 70
0 0 15 90 10 99 25 41 87 85 95 30 28 36 77 7 0 42 34 1 1 28 6 29 7 14 2 8 0 79 0 4 11 8 99 20 2 9 87 9 0 2 37 24 47 1 20 13 1 4 12 1 3 57 86 4 8 25 1 80 8 24 72 0 0 24 2 41 3 51 73 0 15 2
34 0 67 17 16 11 3 37 5 34 6 25 6 0 14 20 9 20 59 54 1 21 0 0 24 22 25 1 0 4 1 25 34 46 37 1 7 1 15 21 25 0 10 26 11 2 7 33 37 68 3 28
0 0 43 36 0 36 57 18 4 16 19 1 34 84 0 73 16 16 17 4 28 45 19 11 2 16 4 63 43 1 4 3 17 8 26 0 49 63 0 27 40 0 2 67 2 21 48 0 1 0 37 43 36 1 1 53 80 0 67 1 54 86 1 0 13 6 32 67 8 3 72 1 4 4 4 1 2 0 0 6 68 69 87 97 9 6 21 84 96 2 45 6 74 9 0 49 6 92 13
15 83 1 6 2 6 0 20 0 41 6 1 21 14 26 8 2 2 0 14 3 89 9 4 69 80 67 0 4 13 0 30 14 11 0 15 0 1 1 11 7 39 2 16 3 75 5 93 67 0 1
21 5 4 1 0 40 5 0 12 2 38 3 0 0 0 0 1 52 7 16 73 25 4 84 1 9 23 1 9 14 1 53 7 6 6 13 44 0 76 27 1 1 58 3 0 35 31 7 9 61 26 84 25 12 11 0 81 0 18 28 37 83 43 32 53 69 87 31 1 0 2 8 5 28 4
36 44 15 32 0 4 0 35 8 0 4 43 0 58 37 3 55 2 82 52 10 0 37 3 27 7 25 68 39 0 0 6 55 9 11 10 13 1 37 0 81 3 3 84 0 11 6 25 1 50 68 3 54 2 71 2 65 0 5 56 0 0 2 20 8 21 43 34
17 75 0 8 41 19 2 0 5 78 20 5 3 81 41 28 8 99 6 0 4 76 5 28 17 0 1 41 0 54 11 60 17 2 61 6 51 22 96 1 4 2 0 7 54 4 5 4 0 4 1 22 20 14
63 41 9 30 16 9 1 1 4 3 48 51 23 45 0 7 66 90 13 0 6 20 45 26 0 54 2 34 0 62 32 38 80 64 39 4 6 44 17 25 66 51 8 0 16 6 5 0 2
15 0 40 0 58 8 15 5 0 14 40 88 22 0 2 22 77 28 1 3 76 77 30 11 29 54 0 36 0 15 61 31 0 30 0 21 88 1 1 95 72 2 98 0 1 50 37 12 25 98 29 30 0 41 13 0 54 3 3 1 2 69 6 99 36 29 25 18
23 0 45 1 0 3 78 93 6 10 14 1 50 44 4 7 2 65 10 11 27 3 43 4 5 0 2 64 0 0 39 4 63 1 17 3 91 26 3 4 1 6 20 29 33 56 22 24 9 43 22 0 19 23 84 7 27
33 91 48 22 27 3 2 4 6 53 0 39 1 24 72 61 6 32 0 91 10 80 47 5 8 17 17 51 47 23 75 14 5 44 4 4 10 8 6 6 0 31 51 46 30 1 34 90 22 74 66 27 15 33 3 62 14
67 88 1 4 2 74 1 1 2 66 55 12 35 37 0 8 0 17 35 76 7 8 4 1 93 0 21 3 3 7 15 1 56 6 5 49 5 17 46 14 22 37 7 8 19 10 5 1 17 4 4 41 61 16 23 31 0 26 14 8 57 26 1 2 21 7 8 3 50 3 28 5 11 20 2 1 82 12 59 47 20 4 0 11 0 3 0
75 7 1 0 95 84 36 57 42 95 45 0 5 1 1 14 15 13 8 76 1 3 82 88 22 31 18 18 34 32 0 21 1 16 47 7 4 6 99 0 6 96 45 0 1 97 53 73 67 3 10 4 14 69 58 1 33 43 42 6 0 68 31 14 0 13 0 13 8 0 0 30 0 42 28 75 62 80 12 78 18 59 17 0 13 24 19 20 21 2 12 19 53 45 0 2 9 28
24 33 33 2 0 0 49 34 24 84 1 0 7 2 2 62 0 92 1 0 97 0 4 85 4 9 0 4 12 53 88 2 1 12 99 9 0 52 62 5 93 24 6 1 48 0 3 0 20 5 32 89 84 0 0 6 4 8 1 3 52 2 2 3 70
45 8 0 7 1 0 12 92 4 48 5 1 30 24 26 7 5 81 62 51 31 0 52 5 52 6 38 1 30 6 8 2 61 28 13 2 21 32 2 4 7 33 80 31 4 8 16 1 8 2 0 26 69 3 3 79 3 16 1 10 8 2 0 7 54 61 0 1 5 32 0 43 0 64 73 52 1 50 1 0 82 6 64 0 3 13 0 0 6 14 1 65 7 16 67 16 26 0 1
1 12 16 48 0 68 15 14 4 1 47 3 8 55 0 21 9 4 41 14 32 1 35 15 22 0 3 12 78 0 42 2 0 17 17 4 56 0 82 11 84 2 13 59 0 4 49 0 0 4 27 25 4 29 35 68 14 0 63 1 66 10 21 1 8 22
12 19 2 60 91 11 58 1 17 25 2 22 48 18 48 26 3 21 72 0 86 1 14 71 11 98 9 0 84 25 0 17 25 56 83 9 7 39 26 19 96 11 0 4 0 0 47 1 14 1 53 2 97 1 75 16 73 34 1 1 2 90 35 4 49 0 15 18 27 7 4 0 36 0 8 7 5 8 36
41 1 23 44 33 20 59 1 33 86 1 14 21 92 29 12 2 15 7 7 33 1 0 89 36 23 19 0 10 59 7 29 34 40 63 1 11 0 12 0 5 0 20 5 0 16 3 48 27 71 72 5 1 3 32 19 41 67 3 37 3 53 27 30 96 13 12 18 3 15 4 6 31 20 0 2 46 39 92 1 11 35 80 36 24 1 0 0 0 62 2 4 31 24 45 62 7 28
3 0 28 65 35 47 24 5 40 25 0 0 49 56 31 5 1 10 3 0 0 63 76 7 1 17 69 1 10 13 2 2 2 11 1 5 3 5 14 30 1 5 50 0 79
18 2 18 0 0 9 35 30 45 14 94 6 0 2 10 16 2 30 53 80 4 8 56 86 10 0 5 10 0 41 3 3 1 0 8 16 67 74 7 1 7 61 0 99 30 31 18 28 22 3 58 37 1 40
16 11 12 14 7 41 1 65 1 31 89 3 15 2 12 15 16 0 33 88 42 98 8 3 10 4 4 2 14 23 8 99 6 87 0 0 0 1 37 3 0 6 26 17 35 7 5 50 96 0 21 6 17 23 8 23 4 80 25 51 9 1 79 89 9
9 9 7 16 2 58 5 93 0 30 73 1 53 57 21 7 31 42 2 0 18 43 62 21 2 2 1 0 79 20 4 9 76 95 10 11 41 1 93 22 1 88 20 0 58 12 67 1 64 0 45 68 1 2 2 9 49 7 65 16 33 38 0 54 0 3 50 9 18 1 66 1 23 73 10 76 6 19 51 90 22 11 23 36 36 11
5 90 22 52 23 13 18 42 89 17 8 9 0 2 57 55 2 2 83 33 2 37 0 6 9 18 0 0 1 30 0
38 20 31 25 20 98 0 21 2 1 9 70 51 65 4 35 1 6 1 2 1 18 5 3 21 9 2 11 12 7 14 3 3 13 6 20 37 16 0 0 59 29 63 15 11 0 0
76 31 38 5 1 11 36 7 12 32 0 46 2 11 5 41 76 17 12 13 35 16 81 35 32 3 50 5 3 6 45 15 0 34 2 0 47 46 96 4 10 40 2 33 61 0 9 8 6
27 16 18 9 27 34 23 15 60 9 1 9 37 40 17 0 52 63 45 0 10 6 9 0 0 77 3 33 69 37 0 28 11 4 28 66 9 70 0 12 18
4 2 11 42 6 42 28 2 0 86 2 2 25 0 31 8 34 8 1 3 83 35 4 4 4 11 5 27 47 4 50 6 51 23 54 5 73 0 1 0 14 0 0 96 15 6 9
1 4 0 0 0 0 12 2 41 3 19 73 19 0 24 11 5 23 9 6 23 34 5 29 0 10 7 35 23 3 13 18 86 0 27 0 61 7 33 41 10 6 74 3 1 13 2 52 4
12 0 36 8 22 45 2 1 20 81 81 1 0 76 0 6 4 1 29 4 42 0 66 1 19 4 8 51 2 1 0 7 3 70 14 10 11 10 0 18 24 1 18 4 24 80 49 3 16 49 2 1 35 40 25 53 31 25 0 17 18 0 7 23 54 0 11 0 32 7 70 6 22 0 13 39 1 52
2 1 2 92 32 0 49 64 1 40 10 61 83 18 67 4 16 95 29 21 1 62 74 41 43 0 94 37 10 0 31 1 0 29 90 21 4 0 2 0 14 8 3 46 28 1 7 79 48 1 43 13 3 0 54 0 32 22 4 13 23 49 1 25 93 6 2 9 32 8
56 1 24 12 36 13 5 88 1 29 40 3 54 0 2 1 8 5 22 5 15 0 0 8 13 37 0 3 0 51 0 0 5 30 5 1 2 8 48 51 39 62 4 58 0 13 0 86 0 1 8 20 13 6 85 6 0 33 2 34 27 4 0 35 2 3 1
12 5 1 1 86 77 40 80 0 79 0 0 0 22 1 23 6 50 1 20 14 54 11 1 2 13 4 1 12 63 61 45 52 81 10 7 33 1 32 2 16 11 47 11 4 36 0 15 4 89 10 53 99 17 15 19 4 5 0 1 7 37 14 0 91 4 1 13 47 9 57 6 25 0 1 9 2 7 91 30 3 81 9 28 20 12 2 0 32 1 35 80
3 6 21 1 95 0 0 0 4 2 0 23 38 8 27 35 1 76 1 5 79 66 4 0 3 2 7 0 34 69 0 11 0 52 0 54 67 5 0 73 11 15 52 0 6 97 51 16 4 0 24 10 23 9 99 19 53 70 18 0 37 46 9 7 1 3 14 0 4 8 37 0 17 7 0 11 22 48 59 30 94 71
20 79 1 1 45 95 0 14 86 9 0 1 6 8 0 85 67 39 2 38 25 8 2 15 46 5 35 0 0 0 51 57 63 29 63 23 34 12 16 52 22 19 67 2 1 43 2 58 12 54 21 50 19 96 33 0 8 5 38 1 34 32
6 58 0 12 0 28 13 8 3 20 0 9 30 0 22 11 68 79 6 0 0 1 19 3 77 33 1 66 5 4 1 63 0 16 70 14 0 34 9 21 1 4 11 21 3 31 13 1 72 42 0 3 48 53 51 84 46 61 29 0 0 34 27 0 1 0 66 34 4 2 69 21 1 0 4 6 23 4 61 2 6 25 6 5 0
1 15 48 50 4 2 15 12 3 66 73 11 1 78 11 84 3 0 1 0 5 12 76 10 22 33 77 7 1 3 38 0 30 51 15 16 3 0 2 16 89 27 0 18 1 57 44 43 6 45 7 50
9 13 2 1 18 55 13 9 38 10 85 56 11 6 7 2 1 71 2 20 22 24 24 13 58 0 2 28 14 1 77 21 1 14 62 83 30 52 2 0 31 83 31 2 21 2 2 1 3 36 3 11 7 8 2 14 51 76 6 2 15 11 13 1 46 5 57 31 2 26 48 10 96 1 7 5 89 1 27 15 54 0
60 30 86 3 26 16 35 10 18 38 5 55 56 2 15 44 52 34 95 5 3 79 54 0 18 1 0 1 37 11 84 92 13 7 39 6 10 80 64 4 87 1 10 57 0 65 4 78 2 3 25 25 9 66 80 29 4 81 51 3 0 56 67 17 24 0 9 36 6 2 35
99 0 1 2 88 2 9 14 6 53 49 1 2 92 98 31 0 12 6 16 12 8 74 1 98 17 33 62 0 83 19 1 17 5 83 3 8 6 16 0 41 12 29 1 9 1 0 93 94 4 36 4 0 27 20 0 29 97 0 0 4 7
5 70 78 23 35 72 0 56 2 27 40 1 0 27 1 4 3 2 43 9 84 9 0 11 1 54 2 12 0 55 1 8 5 63 9 2 5 8 36 5 36 0 1 44 41 3 29 7 4 65 11 0 5 51 39 13 1 33 13 66 55 58 98 0 82 94 14 18 18 4 4 10 8 3 0 37 10 6 5 25 42 14 0 0
22 88 34 11 5 99 9 30 2 11 6 15 54 7 41 42 98 1 32 10 84 89 2 0 35 1 50 74 3 7 17 68 94 2 84 48 80 77 34 10 71 1 0 19 52 49 29 31 1 4 16 90 56 36 7 96 90 91 1 50 23 24 82 94 6 21 33 9 22 2 44 12 29 99 24 32 0 6 0 5 9 36 0 14 66 86
98 92 39 11 32 1 0 21 43 11 2 66 9 1 70 10 6 64 65 1 9 20 0 85 1 6 1 7 81 14 24 2 23 24 4 2 5 16 9 20 0 21 7 7 0 33 1 41 1 36 19 5 43 24 0 79 0 3 4 0 72 1 7 11 0 55 43 66 19 5
1 43 0 16 27 21 4 21 0 44 0 39 0 94 87 0 1 2 2 0 24 0 1 7 52 20 0 36 1 48 11 18 4 21 98 50 1 7 11 3 39 35 81 80 0 17 0 98 69 0 5 0 7 11 6 5 5 49 39 10 23 12 2 17 64 6 79 1 37 0 23 6 5 22 7 33
61 82 8 28 45 16 78 15 1 88 0 11 3 29 0 73 0 40 20 79 67 2 5 90 9 1 33 19 15 3 48 24 77 60 61 3 20 29 20 3 21 0 2 2 51 0 0 0 78 96 1 0 3 43 2 65 16 25 25 6 42 18 67 3 20 4 16 46 9 1 0 2 17 52 47 7 39 2 36 88 1 3 16 3 11
91 3 22 46 23 15 4 4 11 8 69 0 11 67 76 2 36 47 9 0 18 54 96 5 45 19 0 10 21 33 62 26 14 67 29 14 0 69 28 40 61 1 4 69 81
9 0 1 10 54 0 19 7 63 21 2 23 67 3 38 82 6 99 2 2 0 4 13 6 82 57 16 3 37 7 26 11 35 1 0 0 10 56 31 36 5 4 0 14 35 81 67 11 8 2 10 27 4 2 11 0 10 47 3 93 1 6 36 0 58 27 73 62 23 1 1 0 4 55 11 80 22 2 36 4
0 1 49 76 63 15 47 26 21 5 5 1 4 18 22 84 50 48 83 65 0 34 26 0 46 0 25 35 3 31 6
18 1 92 15 7 8 0 18 1 1 41 1 4 63 1 4 2 0 26 2 0 2 21 14 1 13 55 0 24 80 51 37 17 30 20 31 0 13 8 0 10 75 0 20 3 67 2 64 42 27 33 0 3 13 96 70 63 2 1 22 9 22 18 4 10 50 75 99 62 99 4
84 87 61 59 83 0 0 5 0 74 46 0 0 0 7 83 24 0 36 14 0 61 6 14 20 4 2 2 25 96 0 0 20 6 1 64 6 15 2
99 23 8 6 20 1 59 80 51 87 2 0 0 4 25 26 2 42 6 12 44 6 43 53 16 74 13 65 76 44 9 68 1 67 26 16 3 0 0 28 37 24 5 12 24 0 12 12 0 43 13 7 87 1 17 55 66 2 33 10 21 0 0 14 33 2 9 99 76 12 6 99 1 5 10 40 30 1 5 3 11 1 2 2 36 6 87 10 19 7 0
11 8 15 10 35 1 43 2 0 80 20 9 1 18 3 72 24 21 52 94 22 40 14 69 7 61 50 5 0 0 9 24 0
46 44 31 56 1 1 34 40 6 4 0 22 71 18 2 10 0 10 14 10 5 74 97 36 10 2 0 0 10 10 62 0 22 2 13 51 49 9 14 53 2 0 8 3 46 3 1 3 45 0 5 1 20 9 10 9 6 2 83 34 40 4 29 0 81
1 3 0 2 18 29 91 4 25 6 20 8 0 95 35 55 23 44 83 14 2 52 25 16 5 5 94 67 23 4 1 89 24 8 9 90 2 29 18 14 86 17 3 11 11 1 96 84 0 37 52 17 78 1 66 0 0 0 15 34 50 1 0 0 18 39 25
8 7 75 10 2 40 0 10 63 14 6 3 57 81 8 42 37 0 33 0 2 2 17 50 33 34 4 25 2 70 29 7 64 35 2 19 12 3 22 19 5 0 2 42 1 9 0 38 64 38 3 13 49 33 33 28 25 1 5 43 25 3 13 77 6 5 24 9 28 3
1 3 9 60 1 9 4 88 30 20 0 33 2 0 0 0 35 88 5 85 1 19 21 4 73 5 47 8 18 4 29 16 56 86 0 1 54 21 45 2 26 3 99 45 1 2 1 8 67 79 0 0 0 7 0
14 5 57 5 57 13 34 0 2 51 64 10 20 14 0 0 52 53 28 66 1 29 86 93 38 67 1 78 4 12 59 8 25 25 21 8 22 16 38 3 15 25 73 0 55 72 75 25 13 7 12 47 1 23 0 8 61 26 0 0 1 64 0 11 9 2 64 19 11 1 65 15 30 7 1 64 5 1
59 0 46 0 30 27 3 1 10 19 24 26 32 15 2 78 6 18 1 7 0 0 6 57 1 0 74 25 2 13 27 88 0 27 8 52 10 21 65 1 11 0 15 25 37 33 10 8
3 6 22 64 39 1 2 54 3 38 68 82 62 81 0 5 6 7 8 3 38 0 3 1 0 97 3 10 51 32 4 7 82 75 11 86 3 56 10 44 0 1 1 7 1 55 3 3 14 35 0 65 1 74 78 10 15 4 10 50 1 31 5 12 0 1 51 3 4 0 42 19 50 29 58 1 40 7 30 61 2
74 3 21 26 5 33 4 1 1 80 12 26 16 8 0 11 0 11 38 18 0 82 13 7 3 1 17 5 25 27 8 13 10 0 35 1 15 32 0 71 23 1 65 15 25 2 4 42 2 19 3 6 31 6 66 0 4 61 17 4 8 0 0 18 51 4 60 2 14 2 11 9 72 88 41 33 1 85
3 17 2 8 0 81 41 0 15 1 0 3 0 94 49 71 29 25 12 0 61 85 14 74 42 8 5 10 73 53 69 38 13 60 3 55 14 2 7 27
0 28 0 53 11 5 37 66 1 12 31 13 19 75 12 14 52 43 0 2 51 58 0 2 15 85 4 47 40 46 7 16 32 12 1 10 37 89 18 12 47 2 38 61 20 13 45 85 22 2 13
64 4 21 0 66 32 0 4 40 0 43 76 88 37 7 22 28 0 36 0 38 37 19 11 20 20 78 48 3 1 52 14 1 34 37 16 33 9
6 4 1 52 5 24 0 14 27 1 57 5 67 16 19 1 94 26 3 33 13 3 29 98 20 3 23 89 0 1 0 32 36 24 3 43 33 3 0 26 35 8 38 19 99 24 4 48 26 10 17 14 12 8 77 76 41 9 55 5 26 37 29 25 10 57 0 75 23 7 78 24
3 0 0 0 6 1 5 6 3 6 39 45 83 5 4 81 43 1 99 2 2 0 3 2 96 3 11 0 16 48 7 45 0 4 81 21 5 6 87 12 47 3 0 12 88 28 14 0 39 95 2 4 9 11 48 20 33 25 8 21 1 16 50 69 6 35 44 40 75 49 1 7 34 4 0 19 56 21 0 1
22 11 32 16 0 0 80 6 2 44 67 66 92 0 1 80 16 65 6 6 1 12 24 8 58 69 90 77 11 15 34 41 45 27 22 38 21 11 5 97 85 76 39 11 3 5 86 16 39 6 2 1 53 20 11 0 1 42 9 21 36 0 15 3 89 83 5 1 14 26 0 12 55 80 13 14 6 14 23 80 4
17 75 2 0 0 0 36 82 7 2 10 1 0 22 0 43 11 31 44 16 8 43 1 8 68 1 3 7 21 2 52 1 13 3 70 10 46
8 49 20 3 27 0 0 25 1 49 7 17 53 65 30 62 22 15 0 51 0 3 1 32 34 26 0 2 4 1 18 16 2 3
49 32 8 19 6 0 0 19 16 93 77 91 1 8 0 76 15 14 5 11 3 66 58 33 5 4 52 9 2 25 53 0 19 4 80 17 63 0 58 1 43 7 30 68 4 24 87 4 0 32 12 16 5 61 1 0 2 5 4 0 78 22 52 14 27 16 0 11 57 71 57 41 14 1 58 12 0 48 6 40 1 26 2 42 23 21 36 84 16 36 43 0 0
33 6 92 5 0 62 8 2 25 36 8 22 62 2 25 0 2 2 57 8 6 1 4 4 14 0 53 0 5 1 0 99 0 2 24 13 4 76 6 0 0
9 20 0 65 0 63 52 0 2 22 11 24 14 1 1 8 2 9 27 15 3 8 46 1 4 11 10 1 60 25 3 0 7 8 84 8 39 2 47 19 16 4 20 4 35 36 1 44 0 4 1 21 44 6 13 9 2 96 0 42 15 48 8 22 2 82 3
1 0 7 40 0 16 6 10 7 2 1 0 1 4 1 42 20 17 15 58 2 43 11 44 52 3 0 17 18 11 4 2 34 27 11 7 99 16 1 47 65 11 0 27 0 49 10 0 13 4 14 2 32 22 66 83 9 93 70 13 3 82 0 59 30 20 62 5 9 17 35 0 11 23 25 1 51 45 6 41 24 33 17 4 4 11 0 5 0 9 73 6 0 16 32 45 0
42 1 18 27 4 69 5 2 58 0 6 42 2 10 4 6 57 64 18 16 6 2 12 21 51 3 1 74 8 21 38 87 0 21 2 27 35 58 1 18 4 7 34 40 22 25 59 47 90 64 4 40 2 2 16 55 0 14 78 0 64 62 35 19 1 15 15 2 10 0 0 89 1 65 0 14 1 20 83 9 13 29 14 24 18
2 20 1 17 5 9 11 55 13 2 12 10 14 3 13 22 2 22 59 2 1 99 17 94 96 2 5 54 9 0 30 1 64 23 17 32 43 34 24 62 15 4 29 14 6 8 10 3 15 2 1 5 9 6 95 8 39 66
5 0 17 4 41 45 9 43 1 3 1 14 3 1 0 42 38 10 2 12 13 0 1 4 76 65 7 16 11 5 49 14 3 65 8 0 20 0 6 80 6 36 11 24 46 6 26 7 4 71 43 1 37 34 4 12 3 12 14 1 0 0 20 15 80 0 19 8 25 5 48 0 4 16 7 25 31 15 17 0 72 10 63 51 40 12 2 27 29 4 30 5 57
0 66 90 89 0 30 78 91 0 5 1 48 50 0 2 8 6 29 14 3 11 0 37 13 29 95 83 20 14 1 33 1 3 0 6 13 1 98 5 14 29 92 1 0 35 24 17 24 10 44 63 50 10 2 24 28 12 0 3 85 1 2 22 68 41 32 1 8 58 5 20 29 9 17 10 26 14 49 0 13 56 20 16 58 41 3 50 49 76 0 52 82 20 24 3 2 13 11 84 94
4 0 4 0 0 1 15 6 74 60 21 30 0 8 20 4 0 69 74 0 0 49 50 16 13 2 0 77 33 20 26 7 0 95 38 41 42 49 5 32 36 91 0 13 6 0 36 11 12 57 50 3 25 26 92 0 32 0 31 1 13 2 27 18 17 67 0 8 70 9 6 10 0 0 23 73 3 92 35 9 1 1 2 73 1
58 30 20 39 34 94 46 35 11 1 13 43 45 36 1 1 0 34 15 84 55 31 2 5 89 17 60 35 10 21 13 25 38 31 10 11 74 1 14 16 0 3 7 0 2 29 57 46 90 48 0 56 19 9 38 1 0 0 48 14 2 78 74 4 62 4 41 43 13 14 47 2
7 0 34 51 1 1 1 91 17 5 40 14 0 0 3 57 3 76 2 34 63 30 56 54 35 1 32 0 74 1 1 4 5 8 14 40 2 3 14 2 27 1 11 27 98 2 3 8 49 0 0 33 73 7 58 8 30 39 43 69 46 45 3 96 0 12 0 8 46 0 81 0 2 3 68 7 19 25 26 5 1 5 2 41 9 0 71 21 3 28 82 9 0 0 91 7 85 70
78 4 0 0 4 3 51 59 3 27 18 14 52 0 7 4 33 60 7 0 1 14 1 61 39 0 0 22 46 3 52 15 0 66 13 48 7
34 3 94 1 14 2 68 0 1 32 96 97 19 5 43 9 69 61 1 60 1 87 51 39 3 22 16 9 12 73 94 10 4 1 86 93 29 75 2 52 1
2 27 0 12 0 1 35 53 12 46 1 5 17 92 0 21 6 1 3 16 48 14 34 63 70 77 7 27 8 10
2 17 11 70 56 10 6 24 65 23 0 17 58 1 5 25 48 10 93 46 85 0 46 66 12 2 4 2 38 48 37 76 5 3 1 13 8 40 72 66 5
30 2 63 53 80 79 2 4 60 2 48 20 61 51 16 95 13 5 21 64 27 18 97 76 10 64 7 10 0 4 65 5 87 40 4 2 57 43 6 10 37 3 4 10 74 8 2 3 66 3 13 20 55 57 45 4 0 76 25 14 37 88 8 3 8 0 4 47 18 12 0 58 35 27 3 1 3 25 3 34 48 4 42 87 13 13 25 10
15 0 30 47 30 53 6 85 5 26 11 9 1 1 48 6 30 46 17 13 61 37 94 1 6 2 23 24 10 1 47 82 75 46 0 16 55 5 5 24 5 3 52 5 17 5 16 1 1 78 86 4 15 0 96 96 10 67 2 9 1 14 10 0 4 2 95 10 0 9 10 1 32 85 0 70 0 41 1 18 7 92 2 47
13 0 24 17 5 68 15 4 3 30 78 11 1 71 59 2 8 19 39 8 13 22 43 0 11 0 17 10 6 62 3 15 32 13 87 22 70 3 15 10 31 1 19 39 58 59 35 33 1 39 4 4 5 0 16 3 12 55
10 0 4 9 46 7 70 7 10 5 0 7 13 19 2 0 27 51 2 6 4 61 94 94 11 52 43 42 3 15 22 18 75 0 1 0 0 12 5 14 27 26 25 9 24 90 1 36 10 0 1 7 74 10 1 1 86 3 11
2 59 2 2 13 87 0 32 13 1 2 17 0 24 10 0 85 10 13 0 93 33 30 0 0 24 74 36 24 2 1 82 44 58 60 2 99 57 11 2 6 0 25 0 0 14 81 1 16 2 19 27 3 19 1 16 90 3 32 35 8 50 15 12 66 15 2 1 42 77 0 8 58 92 97 42 26 71 2 1 58 0 6 0 0 29 2 0 24 21
70 10 8 4 57 8 0 2 4 6 0 1 7 0 1 11 65 1 11 13 17 8 27 65 22 15 28 0 22 5 13 0 56 74 41 4 0 22 30 4 79 1 1 97 4 0 59 14 4 67 63 33 72 82 0 62 13 0 42 0 67 4 78 81 16 0 80 2 21 5 8 18 3 14 67 7 73 2 0 2 0
6 0 8 19 28 19 0 6 64 57 2 76 59 4 14 8 13 27 1 11 18 12 4 9 8 11 0 10 11 14
5 16 0 26 21 35 23 7 27 9 71 1 94 31 2 0 4 74 86 90 51 14 1 1 41 8 0 12 83 81 4 15 1 6 28 28 29 9 3 5 63 25 0 7 89 37
0 23 19 10 2 8 10 10 85 2 1 2 85 45 90 0 57 54 4 0 0 0 5 0 22 33 15 4 4 1 88 3 90 64 6 20 27 42 81 11 4 59 7 0 78 0 2 56 2 85 11 32 69 61 1 7 4 10 6 67 57 14 8 68 38 27 22 47 69 20 1 76 50 97
0 7 0 34 7 34 1 5 27 0 3 96 1 69 12 26 4 48 1 1 78 67 1 23 10 33 5 2 71 24 2 24 11 12 0 7
3 21 10 75 89 96 67 33 31 60 18 40 0 7 10 0 8 6 24 29 0 18 31 60 0 47 46 0 15 1 53 0 2 71 31 62 31 48 15 6 8 7 80 34 3 3 0 53 1 69 64 12 10 43 11 0 9 95 73 1 83 1 25 21 52 1 2 42 59 13 98 0 22 25 15 61 6 6 6 17 9 71 39 46 0 12 0 33 13 2 13 73 27 0 3 68
2 3 1 99 0 0 67 1 8 5 5 29 6 24 88 15 3 1 71 59 4 29 94 6 64 68 16 3 13 0 0 22 6 82 1 4 33 12 52 20 0 10 35 5 0 2 0 35 16 33 44 1 60 60 2 1 2 24 6 27 2 0 1 10 65 0
76 11 26 2 5 14 32 76 2 31 52 4 22 8 8 1 0 23 44 28 2 1 25 27 2 27 31 46 1 69 17 44 55 24 56 17 10 2 10 3 65 13 0 12 0 43 2 13 4 7 84 35 15 1 2 0 31 97 20 23 9 5 3 73 0 1 21 0 0 3 10 9 79
11 2 5 0 0 43 99 24 27 0 82 15 95 2 45 3 4 57 46 2 21 2 32 10 11 18 82 11 83 42 2 22 44 1 0 6 50 64 2 48 93 49 14 35 6 22 1 96 47 29 15 0 66 56 43 2 99 18 21 48 27 11 47 3 3 0 13 5 3 12 55 17 5 23 31 34 23 12
6 15 20 26 5 87 95 0 27 55 95 76 32 27 42 3 1 42 6 58 92 14 36 36 53 16 23 67 3 43 0 74 1 40 77 3 1 0 43 10 12 51
3 6 46 4 2 7 5 18 5 5 23 79 85 55 21 61 1 10 71 90 4 3 40 24 2 11 0 0 0 1 0 56 0 18 0 5 5 10 36 0 2 26 51 80 16 74 24 20 0 20 3 28 35 94 2 19 88 34 0 0 0 6 1 38 19 81 79 58 7 1 0 7 41 0 5 8 0 3 36 2 60 96 6 1 12 4 14 1 35 11 0 15 3 52 26 95 93 1 9
26 7 15 25 0 17 5 1 38 24 6 8 34 69 52 90 7 7 3 0 62 25 25 87 25 17 46 0 33 44 8 10 94 0 2 27 13 1 1 1 91 1 1 2 38 75 42 3 0 3 38 0 71 11 96 23 34 43 6 4 18 5 23 58 0 5 13 87 62 51 79 47 16 3 7 13
80 35 9 8 52 1 0 92 9 30 0 1 7 0 22 28 24 1 5 25 0 1 43 5 4 27 0 22 15 92 80 0 86 24 1 87 5 32 61 3 41 0 10 1 7 12 0 1 0 63 3 68 5 5 89 0 0 0 1 15 36 25 63 0 34 95 34 6 2 2 0 0 76 84 4 5 0 0 0 4 42 8
7 0 1 8 5 0 1 7 2 26 70 0 37 1 2 19 31 4 77 1 97 4 20 87 15 7 47 93 15 23 1 8 15 2 8 19 41 64 61 33 2 3 78 3 3 69 3 12 46 3 23 17 8 34 35 15 18 9 23 16 65 0 0 18 7 54 37 17 3 14 0 18 72 3 22 72 15 5 41 0 4 8 7 12 99 48 28 41 34 7 0 97 23 9
47 34 7 53 27 32 75 95 0 22 15 15 34 75 34 2 28 6 75 46 14 12 5 14 4 1 48 64 5 0 10 91 18 5 20 11 32 27 0 5 16 44 37 49 22 0 21 77 29 10 21 56 2 42 97 26 0 0 65 0 43 0 7 3 7 99 1 0 12 1 0 11 39 2 17 0 0 31 14 1 64 0
50 3 10 5 96 11 84 14 35 5 3 1 34 4 4 35 7 51 19 79 99 24 8 42 40 55 1 28 16 16 63 21 0 11 5 22 35 1 1 7 7 21 9 45 65 91 76 14 34 28 3 37 70 50 15 83 3 5 20 54 7 40 34 9 7 98 0 0 27 75 18 96 98 2 2 0 0 1 2 0 57 37 64 28 28 47 3 13 45 64 3 26 8 49 0 0
0 47 27 0 13 11 0 7 1 30 21 71 0 14 5 13 24 4 10 0 51 14 65 1 0 3 33 54 73 31 19 28
19 2 1 50 54 38 1 0 3 0 8 31 5 92 0 3 2 46 1 31 81 7 17 10 3 48 0 3 17 61 79 44 13 4 72 0 15 60 55 0 49 23 24 91 0 22 2 26 0 1 71 2 5 12 0 14 0 2 7 4 18 93 57 5 82 44 0 21
40 93 47 6 56 13 0 1 55 26 0 31 5 7 7 19 88 1 6 1 0 1 3 57 8 53 46 13 2 11 2 40 0 5 12 41 3 40 6 31 28 86 6 0 34 95 0 92 1 1 61 18 10 35 42 42 20 3
87 4 19 0 9 86 37 8 4 4 8 11 4 6 6 62 27 96 28 4 37 1 1 40 0 18 96 18 27 45 9 62 60 57
2 4 13 19 49 1 5 52 5 7 18 85 6 6 14 38 5 24 1 0 48 1 57 0 44 0 8 19 53 0 64 0 19 83 1 4 7 1 10 32 17 0 3 0 0 62 43 3 10 94 21 0 57 1 67 1 30 84 87 14 1 7 75 2 13 2 4 86 38 21 1 48 25 39 9 0 11 21 71 22 53 2 29 10 8 2 6 72 0 34 4 51 7 1
1 84 18 78 10 29 85 3 22 1 11 4 64 0 16 8 55 7 0 9 0 17 8 73 37 15 0 3 24 94 84 0 23 43 86 6 0 0 47 22 10 97 50 41 3
10 65 49 30 0 3 36 30 6 5 21 2 18 45 81 11 4 64 3 6 3 56 0 39 2 61 35 3 2 8 29 82 1 1 87 2 0 12 0 0 29 4
1 7 95 23 28 93 63 74 80 9 2 11 40 6 3 80 21 64 45 3 12 0 4 25 46 21 48 2 54 56 29 90 36 9 12 82 2 55 4 41 21 21 18 22 13 9 11 1 0 61 4 3 4 62 68 58 85 7 6 8 0 6 2 1 82 69 1 6 89 7 44
90 1 36 12 1 93 60 0 0 6 55 97 2 33 63 7 0 0 64 14 27 2 0 59 39 34 0 15 5 37 71 9 64 2 2 80 66 75 49 27 34 1 67 84 4 42 0 96 13 82 3 27 26 67 0 28 27 28 0 0 1 0 21 71 63 26 87 31 0 38 7 49 0 1 19 5 8 7 25
51 20 26 60 69 12 61 8 74 45 24 29 40 1 47 3 34 15 33 38 0 86 3 0 22 34 97 1 18 52 2 44 47 7 0 11 66 5 6 53 36 16 15 23 11 0 27 82 8 44 20 0 5 9 33 17 50 1 9 37 38 46 4 0 69 14 0 7 38 7 0 9 29 61 0 0 8 10 89 34 88 0 1 24 6 3 4 98 11 4 89 81 15 12 27 60 57 14
45 21 14 4 25 10 1 5 11 22 8 36 97 78 3 1 10 15 3 19 64 26 64 70 1 52 75 10 16 9 8 23 16 11
62 52 95 0 30 18 13 35 1 4 0 6 21 13 1 77 42 8 1 1 4 0 2 0 9 5 1 14 3 13 4 3 13 83 0 8 23 14 2 2 3 2 34 0 0 11 4 0 0 87 0 19 94 66 9 0 1 67 11 98 82 1 32 91 58 51 3 74 26 49
52 2 8 41 4 55 0 76 34 6 2 78 0 63 1 12 10 8 15 15 5 65 42 11 13 12 82 9 38 0 70 32 17 81 5 9 0 1 93 13 73 1 0 0 63 14 26 0 36 61 97 12 25 5 0 3 80 61 1 96 26 21 82 0 25 3 17 32 0 1 2 11 64 63 12 0 17
2 95 8 2 30 9 20 0 22 6 2 10 10 1 61 16 1 1 69 73 1 65 16 0 43 68 82 2 17 30 54 2 10 3 30 46 4 97 30 16 53 6 10 38 23 23 7 0 1 0 9 3 4 0 61 8 1 78 0 81 45 3 84 13 81 68 6 7 2 36 44 11 0 22 38 16 0 31 0 0 3 48 86 1 2 6 1 4 68 10 93 7
22 94 19 1 9 23 14 56 25 0 58 89 10 89 2 29 66 3 82 26 88 2 3 4 29 24 3 0 32 85 3 13 0 75 0 1 16 20 0 1 58 13 79 55 9 36 1 76 75 16 78 1 24 0 0 11 40 31 9 4 1 11 0 15 29 0 24 0 4 48 32 0 0 29 71 5 72 1
19 1 55 4 1 0 31 8 76 2 63 17 48 0 20 11 3 0 69 16 98 38 61 63 3 11 5 1 84 10 6 6 1 2 88 98 0 4 5 0 1 11 98 52 3 3 30 3 7 1 34 2 4 8 10 8 1 18 8 25 81 7 38 2 54 6 26 2 4 56 82 1
20 72 17 22 2 12 12 9 1 0 1 1 1 3 82 39 16 58 52 0 49 73 19 4 27 46 10 4 1 34 87 4 3 2 0 5 60 99 1 54 1 3 33 27 16 5 20 62 2 29 2 82 0 14 54 2 1 10 0 17 2 29 90 0 74 23 4 81 48 35 40 11 2 76 20 1 97 0 0 57 17 0 0 77 50 38
44 7 0 1 0 8 1 37 36 53 2 0 1 11 14 1 8 0 35 80 1 18 0 22 35 1 0 3 2 14 70 0 15 20 92 15
86 0 14 9 56 1 25 17 7 17 7 0 3 26 5 0 1 39 11 6 4 22 3 40 60 0 64 62 33 11 16 41 13 15 90 13 50 9 52 2 3 3 65 95 9 0 75 12 54 92 36 79 60 59 2 25 27 18 1 94 4 81 24 63 40 0 55 1
7 70 0 0 0 0 60 1 11 0 70 64 3 1 22 33 1 1 23 2 1 49 27 83 0 92 5 2 2 14 1 5 0 17 69 12 73 86 94 35 58 58 10 2 9 36 0 51 1 16 28 60 12 0 70 0 13 68 0 52 0 35 6 18 1 1 8 7 37 79 1 2 39 29 90 82 0 83 35 37 9
0 17 54 63 2 23 2 23 12 76 0 11 1 4 42 82 44 37 10 27 24 2 5 3 2 24 5 19 53 3 25 5 2 31 1 9 72 1 3 19 2 1 2 98 9 1 94 3 14 0 5 25 13 25 1 19 11 0 4 6 26 98 9 65 0 46 87 51 15 19 46 83 11 63 0 0
31 89 94 4 40 0 18 6 57 21 16 15 0 6 0 9 24 2 48 51 20 88 0 0 1 2 55 12 39 60 4 73 15 0 42 47 3 12 10 1 69 0 19 12 1 3 10 15 75 4 0 69 51 43 1 2 15 16 0 21 10 76 9 0 73 18 9 71 27 12 0 2 72 1 27 3 31
32 2 6 53 38 2 32 30 3 1 0 29 13 7 82 5 20 9 38 6 64 12 4 2 24 59 18 1 17 7 14 9 5 64 64 1 0 13 69 0 60 3 0 3 42 75 1 1 9 26 0 27 0 0 0 0 7 40 0 0 49 0 99 63 20 10 0 2 7 2 58 18 3 20 20 37 11
52 38 19 22 43 57 72 5 0 81 20 84 53 8 3 56 43 13 35 11 77 64 91 48 17 5 30 3 50 6 0 5 13 9 1 28 0 0 71 94 0 4 48 0 11 14 0 27 5 18 1 1 12 1 0 23 49 35 9 68 0 39 16 5 53
81 6 88 12 4 29 2 31 1 28 20 8 5 13 11 11 1 90 20 6 93 0 4 3 6 3 4 1 13 7 0 19 34 11 21 1 29 2 6 4 16 13 1 24 53 88 10 76 58 16 16 1 57 0 0 57 6 2 13 8 45 7 59 7 33 0 7 9 74 37 40 0 43 4 35 2 52 10 36 15 2 82 4 1 1 56 16 31 2 19 13 3 95 9 6 12 9 6 9
10 18 5 4 6 62 30 51 24 6 0 58 40 0 0 12 20 3 1 37 62 24 14 6 90 16 85 3 74 3 33 86 18 0 55 8 1 4 43 23 4 18 2 15 8 1 4 41 86 13 2 39 45 8 31 12 85 2 2 36 1 4 67
0 56 13 9 46 0 25 19 6 25 82 40 19 0 31 1 8 4 24 17 2 62 98 24 0 0 17 0 0 1 10 17 25 70 22 57 2 4 5 81 8 37 32 25 0 3 37 0 23 20 83 14 20 4 99 7 1 0 13 20 52 73 0 47 5 9 18 2 7 85 42 1 4 3 19 39 70 0 2 33 20 79 63 0 25 25 8 35 73 0 2 13 98 36 78 0
12 7 13 44 34 8 26 3 43 33 19 75 83 0 25 12 17 56 1 46 4 30 49 16 36 4 0 28 55 0 1 1 82 9 12 7 85 6 3 0 0 3 0 45 3 20 99 54 1 6 0 6 14 12 13 22 11 54 15 99 29 0 11 24 22 2 99 82 29 1 0 43 50 8 0 55 62 0 6 53 3 5 41 21 35 88 5 4 23 40 0 6 43 93 0 51 0 20
64 1 0 79 1 3 0 1 43 89 4 0 21 0 59 0 27 25 53 28 11 70 11 28 3 1 3 0 45 14 3 0 23 24 3 1 13 11 74 12 6 0 0 24 0 98 9 19 6 13 43 0 0 32 3 2 1 3 1 96 7 9 0 0 55 48 91 79 11 4 15 86 22 10 25 43 88 0 34 23 2 0 14 71 68 0 28 9 50 3 35 3 6 2
0 45 0 23 6 17 0 7 10 5 60 76 41 45 16 95 30 27 68 81 11 8 17 0 12 0 31 12 2 2 95 36 1 1 5 34 90 23 39 66 29 2 58 0 34 22 20 5 4 10 2 7 0 25 0 99 18 42 1 20 8 0 10 25 59 3 31 7 0 19 29 0 10 82 6 16 66 0 4 80 29 3 34 0 0 84 6 24 0 0 7 12 0 11 0 14
15 24 54 24 0 10 8 0 26 4 93 14 11 0 48 28 15 13 5 0 48 2 25 78 2 53 0 59 5 9 4 81 60 1 9 0 2 56 7 1 78 11 0
62 76 36 16 1 5 48 55 30 2 3 3 66 1 3 38 2 4 2 79 2 6 27 0 11 11 3 29 6 20 0 2 0 1 17 8 0 53 91 3 4 4 59 0 82 1 41 9 5 6 7
7 53 2 0 0 88 5 2 5 10 9 91 0 99 0 25 15 5 9 37 68 3 31 50 61 1 4 17 21 80 6 0 53 9 26 1 83 1 3 12 75 3 5 87 58 7 0 60 73 7 16 91 0 76 1 6 8 82 2 15 1 0 18 1 61 86 84 8 86 11 99 17 70 33 40 6 0 1 34 8 37 49 61 68 2 10
0 4 2 0 28 98 64 92 83 4 1 55 72 20 1 2 22 55 0 18 2 0 59 12 15 59 64 8 15 0 6 1 14 88 17 45 0 14 30 30 0 2 0 0 1 9
0 26 0 4 3 40 60 44 28 0 77 0 2 22 58 5 28 8 24 44 0 0 1 10 2 0 20 1 50 17 2 12 1 2 9 53 6 18 25
7 57 4 28 13 56 95 0 8 19 70 46 50 11 3 1 5 3 77 8 98 72 60 72 0 2 1 0 31 7 19 80 18 5 0 11 47 59 72 7
22 58 41 19 62 5 26 7 5 53 1 64 93 90 0 66 0 2 78 7 0 13 0 17 14 3 2 7 13 7 6 36 21 3 76 2 19 9 39 3 56 10 0 90 9 0 78 0 13 57 18 61 11 0 1 62 3 35 64 2 7 74 13
29 0 41 88 17 0 40 70 0 46 0 0 2 0 15 4 11 4 79 7 53 22 7 17 53 3 60 58 31 80 14 67 4 26 83 49 4 30 20 50 2 15 80 69 15 26 1 30 27 32 4 24 1 15 7 7 92 64 47 83 3 83 20 1 19 23 11 24 1 16 0 0 12 0 46 6 50 9 96
9 22 0 3 99 1 32 0 1 0 0 42 4 96 56 53 3 38 1 9 1 51 2 3 31 1 9 2 0 4 1 0 49 39 1 0 4 69 35 70 23 0 18 0 0 2 22 98 0 0 71 21 29 72 69 62 89 2 18 2 22 0 0 0 23 24 28 49 3 1 31 8 4 8 4 8 36 14 3 3 8 58
20 15 74 0 1 22 4 23 43 54 12 21 50 2 3 4 31 0 0 5 59 0 39 1 0 32 28 2 53 73 57 28 16 46 2 11 1 1 44 61 78 57 49 2
0 0 39 23 59 41 1 91 33 4 40 30 76 15 0 20 1 8 29 99 2 1 5 5 7 1 10 38 4 0 31 40 84 63 1 58 0 48 6 94
0 18 0 4 8 3 1 44 2 52 82 1 90 26 3 17 3 16 0 12 2 88 3 0 40 1 19 22 11 55 1 3 23 79 0 2 2 2 14 26 87 28 12 86 11 1 12 21 0 0 68 13 19 82 53 62 37 54 56 5 36 26 5 55 1 43 38 0 79 32 31 61 19 21 48 12 0 30 0 1 33 1 10 2 5 7 3 0 9 18 6 31 2 20 5 13
52 0 10 1 2 22 33 12 4 36 81 8 28 0 17 25 2 0 23 95 1 0 18 11 38 0 4 0 85 53 15 74 0 6 4 21 0 73 4 0 34 37
88 0 0 7 2 11 21 30 1 2 42 13 80 3 3 4 13 13 80 99 2 40 0 2 3 3 67 0 3 2 22 12 1 10 12 37 5 1 0 2 37 74 47 78 0 88 0 82 53 23 20 21 34 0 96 4 29 6 9 2 17 1 2 8 29 29 10 8 44 4 73 1 0 14 1
0 0 24 68 67 0 36 18 52 34 38 3 31 50 4 2 21 11 27 1 3 62 8 6 59 31 3 78 0 8 49 19 4 31 1 0 0 23 45 6 9 66 0 14 2 47 22 1 25 84 0 6 68 15 16 81 4 0 88 13 32 33 0 31 0 90 80 1 22 14 19 62 94 0 33 23 35 66 3 0 59 97 0 55 65 9 34 2 3
9 0 31 30 12 23 59 86 0 1 66 9 1 10 18 3 0 39 85 15 0 0 8 1 40 3 99 16 9 0 54 76 44 2 0 19 7 1 36 20 10 0 1 20 7 7 16 3 34 2 2 9 91 7 44 4 0 11 0 0 95 20 13 1 11 19 45 7 16 84 41 43 63 8 53 30 1 0 93 35
4 52 5 2 88 91 22 90 8 3 1 37 63 1 1 46 67 1 0 24 60 92 35 20 67 1 2 0 33 2 0 45 6 56 2 1 11 12 0 7 44 31 1
48 0 0 59 16 39 0 64 17 11 60 71 9 1 86 76 0 2 3 19 45 26 4 1 0 1 87 18 4 9 4 0 0 0 43 66 1 36 7 5 47 14 81 10 4 7 0 7 24 2 0
32 3 15 1 22 8 4 16 20 9 39 10 73 99 46 15 87 0 0 14 1 19 0 5 6 54 1 64 24 45 26 7 33 9 1 79 1 1 92 51 35 4
5 16 33 96 3 61 67 10 19 1 18 32 69 48 4 12 99 3 3 3 1 0 56 3 21 80 1 0 95 62 0 1 20 98 86 12 25 71 8 63 0 1 3 5 0 0 4 18 6 1 19 99 0 52 59 5 90 3 21 83 0 66 91 59 16 0 34 8 14 28 0 14 16 83 67 27 53 61 94 0
34 64 0 57 6 43 39 3 19 20 16 41 0 19 0 2 27 3 7 1 2 1 4 93 46 1 13 76 23 76 16 24 0 14 30 14 31 92 26 98 1 1 30 4 51 6 2 22 12 75 33 4 35 0 52 0 1 36 5 1 9 55 6 6 2 65 99 23 33 15 1 2 0 28 9 26 3 5 0 4 21 72 90
75 12 0 0 7 2 2 0 26 5 21 4 2 19 48 1 7 6 0 0 57 0 48 8 91 1 2 68 2 5 58 1 1 2 32 2 62 4 70 30 11 23 21 52 63 35 0 0 3 6 0
35 6 68 73 9 65 7 78 0 55 0 2 0 31 77 1 0 91 13 19 29 2 13 38 12 0 60 1 90 20 3 34 72 44 91 1 83 32 12 94 13 70 57 80 18 0 57 7 1 91 51 2 0 0 2 1 34 14 3 9 7 9 64 28 73
12 68 68 6 6 2 14 16 7 3 36 7 26 84 1 1 19 17 10 27 7 1 13 63 30 3 50 1 0 3 5 16 1 0 94 1 0 0 14 17 14 0 67 3 8 13 1 7 63 1 22 82 2 0 26 0 50 1 0 27 17 0 75 36 56 37 85 8 67 5 18 45 92 0 3
2 97 6 66 21 0 3 1 7 30 21 48 57 8 11 46 3 5 88 0 12 14 38 4 9 3 57 98 24 99 34 57 97 11 0 3 7 0 0 52 0 16 3 22 64 4 13 3 0 32 27 0 2
15 3 3 39 4 12 83 18 70 0 5 12 40 3 37 74 1 2 12 48 1 3 43 26 0 80 9 38 2 38 79 10 10 67 5 7 14 1 97 3 61 82 5 30 0 9 28 22 4 1 12 0 25 0 1 29 32 2 36 24 22 41 72 67 67 61 21 1 0 78 6
0 5 17 3 0 72 8 22 6 5 1 16 5 41 32 71 3 6 0 85 0 3 32 19 21 1 0 65 25 13 12 4 16 16 0 12 6 4 2 86 39 15 17 3 21 20 13 83 61 61 62 11 1 71 15 0
6 1 64 2 1 22 7 2 55 1 85 66 7 26 32 42 85 41 20 1 11 27 12 25 26 2 33 98 1 45 14 1 8 16 86 50 93 15 6 28 3 59 5 54 22 19 1 18 17 0 66 0 28 46 3 1 0 6 13 52 0 0 82 67 9 19 10 44 1 11 6 1 1 0 76 17 3 0 97 16 5 5 6 57 42 26 0 74 15 63 6 20 2 1 76 6
5 36 65 0 38 0 1 4 40 56 3 19 34 88 50 5 0 0 33 1 20 2 22 32 1 27 4 20 22 5 61 4 12 0 1 62 29 73 0 8 68 30 5 8 12
8 7 0 7 16 5 19 56 34 23 23 1 6 30 5 8 7 0 7 30 1 7 12 28 1 55 36 16 0 0 38 74 65 3 0 6 45 67 0 3 66 3 7 10 7 34 23 47 4 0 10
2 25 2 48 0 0 9 3 39 1 0 4 38 30 22 43 71 22 9 58 78 8 2 6 7 77 13 40 13 1 0 5 0 3 5 77 9 22 0 68 10 1 72 0 89 94 12 0 12 1 0 5 89 0 82 55 23
36 19 12 3 1 0 17 2 0 70 70 14 11 88 36 28 71 0 25 10 58 18 87 69 0 2 54 6 7 33 23 3 4 77 3 5 29 1 76 10 8 17 0 21 26 0 0 76 4 26 42 60 7 1 25 28 40 57 0 6 53 13
14 0 33 11 31 0 8 0 2 37 10 9 1 0 5 5 9 16 12 5 5 20 56 0 47 48 4 54 55 20 10 22 0 45 0 43 1 28 60
1 9 33 30 5 3 0 0 53 7 35 72 39 54 0 96 21 16 26 42 2 5 57 0 0 3 41 5 44 0 2 37 14 2 7 4 20 70 6 1 34 67 52 0 3 1 25 12 4 90 51 40 70 39 31 43 39 16 1 5 51 4 1
2 0 0 94 55 5 85 2 3 38 18 45 0 64 9 87 2 61 59 0 20 69 0 25 41 10 77 86 8 10 39 86 80 0 23 17 25 26 0 9 0 27 38 16 52 12 32 3 4 5 5 23 19 48 10 76 4 31 71 1 30 57 39 27 1 1 29 0 2 65 20 40 49 3 62 40 1 1 0 88 93 7 8 4 6 11 17 6 1 1 77 19
3 54 12 1 0 2 1 17 0 12 44 46 91 9 64 25 91 7 11 33 0 13 26 1 15 98 79 66 19 53 24 24 4 4 0 8 14 47 18 3 2 1 1 2 2 61 6 90 48 0 27 86 6 0 5
1 2 0 51 1 5 5 4 5 45 0 2 0 55 16 85 31 4 0 1 0 5 90 14 13 97 1 2 38 3 3 10 1 0 16 60 25
6 61 8 46 12 30 4 16 1 47 3 3 0 1 5 1 43 70 25 79 6 12 12 3 6 23 57 1 67 58 0 9 22 44 21 15 59 67 10 42 5 45 63 1 27 1 61 6 7 32 34 42 0 2 1 47 60 9 3 94 3 13 12 53 68 0 1 94 3 1 79 9 0 53 0 43 33 18 80 84 35 0 13 27 55 21 18 2 4
7 21 6 3 50 22 0 10 0 1 55 0 13 3 52 94 63 1 21 13 45 36 1 1 17 70 8 7 1 1 44 52 75 24 54 82 1 3 76 74 36 4
45 49 0 4 59 1 19 8 1 4 4 36 50 8 30 1 92 3 0 14 1 56 27 49 10 16 19 28 11 13 31 70 8 5 10 22 0 10 39 57 23 31 10 33 2 1 15 22 26 26 6 32 2 2 0 1 28 0 32 60 9 76 21 3 10 99 2 4
29 85 69 1 7 24 15 1 0 20 2 19 1 9 41 35 1 3 97 0 40 0 46 61 0 0 2 11 16 77 5 65 48 9 64 14 25 34 9 51 44 46 4 16 12 61 7 0 24 44 0 10 55 1 64 0 4
56 90 8 81 1 0 4 7 9 20 2 34 21 30 15 0 67 7 52 57 0 6 37 34 28 2 56 4 24 0 0 17 1 68 3 39 11 8 7 3 0 1 0 34 64
21 4 20 61 8 41 10 16 2 24 3 26 4 58 87 47 15 1 80 98 5 85 89 11 42 4 4 32 0 1 42 0 63 90 10 7 39 94 0 6 19 77 7 42 7 1 3 0 10 0 5 0 31 5 5 0 19 31 3 0 1 69 27 3 1 27 14 28 10 8 4 2 24 13 88 26 21 5 4 0 4 8 0 18 11
6 23 36 39 0 6 8 8 19 20 0 8 46 66 4 5 94 18 0 1 50 88 75 8 32 12 45 42 2 19 73 1 17 1 2 99 62 2 7 16 9 3 19 22 36 69 22 8 7 74 4 49 43 14 95 0 0 69 46 37 17 11 5 0 91 90 67 6 45 3 17 0 1 32 1 61 1
6 25 1 26 39 83 5 26 17 2 48 0 74 0 99 37 43 23 17 26 87 24 1 0 59 0 80 76 34 31 35 2 0 2 30 39 6 32 20
82 63 4 38 72 0 10 0 2 2 27 79 9 74 76 99 2 12 62 39 26 0 17 8 7 18 4 75 38 54 15 11 3 91 69 2 86 4 76 3 0 30 60 3 3 14
3 37 92 81 65 15 99 0 19 1 3 2 34 50 43 2 6 15 53 85 74 11 0 8 31 1 1 1 24 5 0 55 8 35 7 15 7 11 7 20 47 87 8 75 19 13 36 59 18 32 38 0 49 65 43 66 30 24 2 3 1 0 0 32 18 64 71 85 74 42 0 0 10 0 4 61 1 14 3 60 12 77 14 11 3 5 6 73 55 0 5 9 93 97 21
19 53 4 29 85 1 1 93 25 96 26 1 1 38 1 0 2 5 13 1 18 9 43 29 15 37 31 44 40 2 48 47
3 8 18 73 1 1 0 0 5 26 8 57 5 33 1 0 74 18 47 17 1 0 41 2 91 92 70 0 2 92 2 43 95 5 49 26 90 49 48 39 2 19 21 60 46 1 30 1 0 0 1 33 18 10 3 1 89 71 10 0 4 4 4 27 9 0 40 50 1 8 26 54 1 27 4 8 3 0 23 45 14 11 83 4 81 4 16 39 7
1 27 6 6 37 7 23 15 0 84 66 41 7 0 44 3 33 24 93 3 6 0 6 40 86 16 18 32 88 45 12 16 0 1 3 1
37 72 1 0 13 6 18 2 11 81 4 1 18 25 6 12 37 29 31 25 0 6 15 2 3 82 21 2 3 18 1 22 18 11 5 22 73 22 30 0 1 27 0 7 66 1 22 65 6 46 69 25 2 1 22 0 10 98 20 1 46 25 27 3 8 0 7 7 9 63 0 60 66 26 3
4 0 40 63 65 3 10 1 0 8 27 7 1 26 11 13 6 2 17 75 40 1 22 5 89 7 74 16 0 9 17 3 68 6 3 37 0 3 0 0 5 1 3 10 6 2 50 89 3 34 17 7 0 7 21 30 89 24 10 44 33 1 0 6 86 5 10 8 36 89 1 40 44 3 17 8 3 35 69 0 38 4 62 13 4
0 2 14 42 67 60 66 47 63 10 34 11 9 20 9 1 2 0 30 66 2 0 5 1 16 21 1 52 87 1 25 4 36 86 4 83 23 47 83 5 11 47 34 0 22 0 0 45 49 3 23 36 35 80 12 15 23 6 0 86 5 17 52 40 46 1 45 74 86 92 2 0 53 0 1 6 67 36 2 2 0 32 45 6 92 24 7 29 5 0 22 59 37
5 23 70 70 79 25 9 4 30 0 8 3 50 79 5 7 4 0 43 5 0 0 12 91 50 12 92 27 11 15 13 9 67 9 27 31 0 4 47 1 1 65 51 6 3 60 5 95 17 1 13 3 79 7 29 42 1
6 11 53 2 97 8 4 86 14 42 0 6 1 4 45 71 2 3 31 2 41 57 13 10 94 10 1 16 90 89 0 97 43 86 75 76 44 0 0 9 0 1 1 4 12 3 71 1 20 2 96 37 26 2 11 12 0 17 2 35 1 13 30 59 54 14 47 14
0 1 65 47 1 0 3 4 12 66 42 16 10 1 24 1 9 44 0 69 8 30 9 47 2 64 11 90 16 2 38 1 9 78 1 59 74 38 89 4 39 5 26 3 21 5 0 33 6 10 32 5 2 31 17 13 1 50 34 97 7 22 88 9 91 3 98 0 0 0 60 30 1 6 21 22 30 0 51 8 54 7 0 14
0 14 70 74 0 5 60 1 45 1 1 0 15 10 93 1 40 42 1 8 10 21 0 23 22 57 7 5 2 13 85 19 2 21 19 56 44 31 4 80 24 4 23 22 96 47 2 30 3 13 55 0 53 40 23 0 64 36 0 0 12 7 36 38 6 32 38 5 4 30 12
33 17 1 40 0 55 0 39 0 2 23 63 59 1 36 40 1 14 36 1 36 13 59 3 20 14 22 0 4 22 70 33 3 12 64 0 22 3 4 90 27 6 8 51 3 2 81 1 33 32 2 44 2 99 10 4 3 0 83 67 0 1 27 2 10 20 0 0 36 0 16 51 8 52 0 82 1 43 49 3 54 77 70 3 10 18 25 43
56 86 68 1 42 1 0 81 0 83 12 19 1 1 5 0 64 16 18 52 26 12 3 2 92 2 19 2 0 24 34 35 9 2 98 2 42 86 52 49 61 15 7 2 3 39 1 23 32 1 0 33 0 90 35 47 75 9 5 47 10 14 76 0 24 55 5 83 0 95 37 7 40 80 25 91 4 16 4 52
11 11 49 29 2 13 9 1 20 6 69 34 6 0 0 12 80 87 8 21 58 6 27 4 68 1 3 0 23 0 49 0 9 70 93 5 51 67 70 48 18 5 62 11 4 53 14 54 11 63 17 0 3 22 59 73 37 31 42 36 69 0 20 55 7 1 45 65 9 1 1 16 1 83 1 13 43 6 4 0 7 0 4 9 86 5 25 96 0 95 97 8 37 0 50 16 29
0 0 20 7 16 60 14 0 40 3 3 36 39 35 30 93 2 3 35 1 25 0 0 51 61 1 19 0 19 45 15 2 3 11 28 47 88 85 76 12 14 2 2 34 32 45 35 44 87 82 4 27 46 21 24 2 26 64 15 25 0
12 83 15 45 11 98 0 0 14 53 3 92 12 58 28 2 36 0 0 4 25 1 18 81 6 54 32 63 52 42 50 19 4 0 24 61 12 1 7 52 15 0 2 5 6 0 9 84 31 17 0 0 55 0 94 0 8 19 54 2 2 12 81 21 42 83 1 58 28 49 29 0 46 76 0 24 14 32 54 38 26 0 46 0 16 9 0 0 19 62 2 22
8 0 61 31 0 0 0 18 3 45 0 12 50 95 47 8 3 42 2 0 55 0 9 1 59 5 53 1 3 67 12 9 58 75 35 2 17 6 86 0 12 16 1 0 0 17 0 1 10 73 11 10 2 15 79 13 26 60 80 5 60 4 52 33 23 28 43 4 3 7 0 29
0 11 70 0 10 14 5 20 5 15 0 28 14 34 2 0 79 50 1 64 2 51 30 64 15 84 4 27 4 2 3 42 54 1 41 70 13 12 11 0 0 71 1 50 0 0 24 0 0 8 4 30 32 16 75 0 2 33 48 17 0 28 1 26 33 12 1 2 6 0 19 26 61 31 17 72 0 1 32 65 79 2 9 36 42 0 4 76 16 1 13
4 1 65 2 43 5 11 3 2 43 2 50 0 68 7 9 1 18 33 6 1 12 25 21 5 11 55 58 28 1 20 0 15 10 4 51 0 10 1 33 83 10 29 3 37 52 0 4 62 2
89 3 65 60 47 17 19 9 44 1 6 4 4 94 6 2 32 4 0 36 69 27 1 40 0 0 2 17 99 17 31 21 9 7 53 4 17 0 12 40 14
18 0 8 51 1 10 0 18 65 96 98 75 8 4 71 3 79 1 27 5 81 25 16 10 1 43 23 93 3 20 54 15 50 1 3 0 3 37 13 25 79 15 50 2 0 3 92 30 1 30 11 1 26 13 59 74 68 79 1 0 42 7 16 2 0 4 2 0 18 27 78 21 4 6 51 2 63
32 29 3 59 77 8 11 65 1 27 44 45 5 2 3 10 0 0 33 2 8 99 42 48 37 88 0 3 1 50 24 0 0 0 78 6 40 56 14 1 0 37 3 4 34 76 41 3 8 11 16 1 4 32 2 6 22 22 2 35 41 1 1 47 24 1 6
0 5 0 58 0 8 0 1 21 10 18 0 7 25 0 2 10 0 3 1 49 0 0 38 37 81 23 75 28 7 3 48 1 16 62 2 10 0 5 63 1 37 40 19
58 1 0 3 5 12 12 3 29 0 11 1 65 26 1 8 8 0 57 98 23 0 2 0 10 1 38 49 0 1 36 0 15 0 31 22 4 4 4 0 64 25 0 91 13
84 2 5 1 52 59 11 64 0 0 0 3 39 10 0 0 40 0 93 0 18 19 54 74 47 7 27 6 66 0 7 3 4 53 0 15 5 74 8 77 99 1 69 45 0 5 3 2 5 3 10 10 87 0 67 68 3 65 1 35 35 9 0 2 13 0 56 4 16 0 70 3 17 22 33 15 0 32 7 9 78 1 24 0 10 0
78 16 47 11 60 4 3 15 1 5 3 51 13 10 77 21 26 19 78 0 44 5 13 1 30 5 6 1 15 19 1 31 5 87
1 29 9 5 29 46 0 8 9 59 0 3 10 40 4 0 3 94 1 6 22 1 39 0 1 2 24 62 0 0 52 8 35 35 27 7 43 0 1 1 2 6 1 6 9 13 0 28 11 4 59 92 39 3 3 4 23 13 5 16 4 12 83 29 8 89 1 43 78 67 65 2 36 6 20 0 2 83 14
2 18 6 18 55 0 21 6 1 51 31 12 1 1 67 0 22 31 38 22 22 50 9 18 29 45 19 36 91 0 53 4
27 24 2 4 54 37 19 18 75 31 16 1 29 32 46 15 12 0 2 5 5 6 1 0 24 26 1 2 40 1 0 31 1 0 7 2 20 0 1 13 93 9 3 7 90 91 61 41 4 10 92 1 12 55 7 2 1 68 4 3 79 6 25 11 48 5 0 52 10
35 9 2 0 17 8 0 55 0 4 4 29 1 1 4 3 29 0 4 7 24 3 18 56 0 99 27 53 2 7 86 18 7 0 49 13 4 52
0 19 1 7 0 68 62 16 9 54 9 63 17 8 2 2 55 77 32 10 0 2 53 96 18 55 11 57 20 32 1 0
4 43 3 3 28 34 2 4 66 8 58 90 45 24 20 14 4 9 0 44 18 12 55 56 0 27 0 10 7 28 1 20 13 83 23 61 1 2 72 2 68 14 6 0 2 12 44 12 58 75 10 12 57 8 25 0 2 19 44 4 33 3 7 81 4
43 4 0 16 1 53 33 0 39 2 10 3 0 1 92 85 0 17 0 11 12 21 24 38 64 10 39 82 2 0 18 31 0 13 22 56 0 0 28 24 4 30 0 9 21 25 1 25 0 16 10 8 1 0 3 21 0 8 2 79 0 40 0 2 1 22 93 13 0 21 0 23 15 4 23 4 5 82 18 28 7 31 82 1 22 21 56 22 4 24 18
15 0 84 23 6 92 59 26 4 7 45 24 46 0 0 48 2 14 2 41 5 0 1 11 61 0 8 31 1 1 0 51 3 13 81 0 21 67 68 31 13 58 11 0 16
5 42 90 21 11 14 35 1 81 16 10 28 27 0 19 64 44 24 0 1 15 49 1 17 0 6 70 93 58 47 0 0 13 6 74 77 0 48 12 37 0 0 19 2 5 35 38 27 2 0 4 12 1 5 11 29 3 21 3 2 8
18 84 11 0 35 86 15 1 25 62 0 0 0 59 0 28 93 11 0 0 0 8 87 20 89 7 24 17 58 1 2 43 45 7 18 5 6 0 11 22 16 13 0 40 89 4 23 3 60 27 54 48 61 0 0 46 45 42 16 0 29 1 18 33 0 34 32 20 11 38 0 39
62 7 34 0 39 6 3 18 47 69 2 22 15 38 2 90 27 19 56 98 16 4 20 46 37 33 80 36 7 10 3 1 70 7 6 3 51 0 1 44 20 2 14 2 5 21 32 1 28 56 94 68 2 21 0 1 0 0 53 67 34 64
4 2 1 4 18 65 8 85 7 4 5 0 0 73 53 73 15 1 10 41 3 45 1 8 94 9 10 41 0 0 6 95 1 90 1 61 3 27 86 4 11 0 6 19 20 1 3 44 82 19 57 28 14 89 29 70 2 68 7 94 1 0
54 9 17 53 25 10 22 26 23 93 0 1 4 10 38 0 57 24 4 98 0 69 42 47 8 0 15 74 3 5 42 20 10 60 1 7 94 7 79 16 18 2 18 45 12 60 4 19 56 0 11 1 53 26 74 4 1 76 98 11 0 7
50 1 4 47 20 1 11 56 28 0 13 1 19 0 0 27 0 2 9 1 1 37 0 60 6 27 5 12 49 82 18 0 3 45 49 6 36 48 60 0 1 82 13 78 6 27 44 4 16 31 4 20 3 20 95 25 3 29 11 17 3 62 79 26 9 22 39 60 31 3 26 15 66 18 32 98 82 46 0 5 9 23 25 5 7 12 68 8 3 0 6 6 8 6 10 0 0 0
63 4 67 2 20 96 6 33 34 24 3 27 34 15 8 28 65 0 25 8 11 5 4 45 33 61 0 17 52 0 0 9 31 2 0 87 78 1 93 34
49 23 0 2 52 3 29 0 10 3 1 50 3 27 78 20 67 8 3 36 31 1 0 0 79 0 11 32 4 65 13 74 0 11 34 2
18 5 80 0 53 30 28 70 12 7 9 1 51 1 17 1 62 2 1 9 27 0 1 22 3 29 30 61 31 1 0 71 0 9 25 79 3 0 30 11 45 10 15 16 8 9 40 50 18 1 6 13 22
11 3 89 0 2 7 81 13 30 18 0 57 6 1 34 1 0 1 6 14 82 22 17 0 90 53 95 6 2 90 39 1 0 16 1 84 68 6 32 25 0 0 7 36 2 54 1 41 53 12 0 2 94 2 14 40 33 28 3 29 51 8 81 18 2
1 9 1 8 2 40 61 15 94 11 0 8 24 3 0 89 89 0 45 42 45 3 90 12 8 68 0 0 10 62 92 54 0 97 2 0 0 61 55 11 20 20 7 33 71 3 87 2 16 2 1 0 71 40 88 14 80 31 40 15 52 0 18 27 11 81 56
26 60 84 20 0 11 19 0 2 17 3 49 1 30 37 18 7 20 41 0 82 0 5 80 17 22 26 5 37 8 3 62 10 2 15 0 9 5 17 1 35 76 63 18
1 0 45 11 60 53 43 2 4 58 1 18 42 35 4 99 1 0 16 3 10 39 80 31 40 3 0 60 2 5 21 2 0 63 1 8 20 5 25 2
30 1 87 5 1 1 6 91 5 40 31 16 30 72 1 6 6 15 7 20 6 8 62 41 25 47 0 0 49 33 1 93 29 54 14 18 32 8 88 4 4 5 2 1 41 47
67 2 13 22 67 19 0 0 50 3 0 1 0 0 0 3 9 8 1 0 23 62 8 1 28 27 0 0 1 4 0 35 32 29 20 0 24 84 21 1 72 2 1 3 46 24 2 4 3 88 7 0 37 1 0 0 49 4 65 9 7 8 4 76 50 26 15 30 0 2 79 12 5 4 9 7
6 2 48 46 2 4 71 12 7 71 10 84 27 13 8 36 57 13 0 17 2 20 15 55 44 1 53 2 23 2 0 64 26 2 7 90 3 1 6 1 3 38 21 56 99 18 1
23 4 17 18 24 64 37 3 55 0 7 0 15 8 50 51 52 37 92 48 94 24 2 13 0 0 83 4 6 0 0 54 80 88 7 75 1 0 27 19 70 1 29 18 0 41 6 17 3 1 5
86 13 5 3 6 33 33 3 2 82 31 0 31 2 41 6 31 60 14 15 10 84 4 48 0 1 0 11 35 0 16 50 15 21 21 5 1
2 33 45 94 55 29 0 20 2 3 9 69 41 16 6 2 13 19 2 5 77 35 43 56 4 26 27 0 21 29 82 0 0 38 15 25 23 1 20 29 1 0 23 6 18 0 57 32 79 7 87 9 17 0 9 62 9 6 0 99 0 0 0 25 11 7 73 23 5 1 0 8 62 0 50 77 8 17 0 85 1 11
3 65 8 2 88 4 17 18 5 1 8 0 58 8 0 12 0 22 18 59 18 13 1 70 4 1 4 55 6 9 29 38 6 24 33 14 6 25 95 11 34 0 69 1 34 61 40 35 85 30 3 95 46 0 2 16 7 3 15
4 17 27 3 0 93 22 6 76 1 26 0 0 0 59 42 71 54 8 2 88 8 30 3 0 51 21 0 20 0 11 0 0 60 1 12 61 65 6 4 70 22 65 78 34 3 25 19 11 1 11 1 4 0 4 61 0 3 87 90 4 30 1 71 28 5 82 7 14 24 5 76 36 2 4 19 64 65 31 38 31 57 54 17 58 4 35
75 43 40 0 98 3 83 6 30 80 36 60 9 1 1 3 0 1 96 12 71 5 0 17 71 86 16 37 12 12 1 41 2 1 3 69 0 7 68 24 1 12 15 71 1 10 2 0 1 79
39 79 22 1 66 66 8 1 9 5 34 32 2 71 2 12 14 1 33 2 58 8 2 1 1 5 48 3 0 28 37 38 0 7 82 2 12 3 30 12 0 4 27 7 1 23 94 20
2 5 4 10 29 2 3 1 39 0 24 2 0 0 0 2 3 1 4 41 0 15 22 93 17 45 38 12 3 14 11 4 2 35 3 0 1 3 2 0 4 15 0 7 0 73 1 75 70 24 0 3 1 78 71 14 20 45 62 0 22 3 1 96 0 3 0 32 2 77 6 6 8 32 5 19 45 31 87 85 13 3 19 68 33 68 0 12 2 1 37
93 85 8 67 8 13 17 14 53 50 17 76 13 1 21 13 36 9 38 1 53 36 6 15 4 95 26 21 6 18 80 1 91 65 32 5 6 44 72 48 7 78 33 85 1 50
0 7 48 5 98 34 25 99 24 13 66 94 55 1 4 11 2 6 51 9 17 0 13 83 42 0 63 10 46 10 81 70 4
8 13 22 23 2 94 40 30 4 22 74 3 6 65 11 19 8 17 0 61 10 2 23 3 17 5 20 2 5 77 1 5 62 60 1 6 5 1 71 84 54 0 45 11 35 0 33 17 4 0
0 0 1 2 0 0 17 4 0 86 41 94 0 0 3 90 1 15 8 0 9 27 0 65 17 17 9 53 11 0 99 3 0 6 31 11 51 1 44 47 0 78 22 14 1 0 61 65 50 31 18 4 28 31 31 12 78 2 4 18 2 3 21 20 58 75 31 35 3 0 0 2 3 13 62 62 15 62 5 54 5 97
27 15 0 0 16 33 0 1 47 2 34 2 46 9 0 94 67 0 58 2 1 2 3 9 1 77 58 26 43 93 68 67 3 31 85 28 47 44 57 28 1 63 48 5 4 8 12 78 11 3 31 2 84 47 0 1 12 58 57 68 84 7 0 18 24 32 6 5 51 0 1 22 0 42 17 1 0 7 9 4 0 32 37 57 1 10 76 47 78
20 24 8 0 29 0 12 2 84 20 79 3 81 92 13 7 13 1 22 0 8 65 68 32 63 15 78 83 0 35 50 17 99 75 89 54 0 65 5 11 1 2 93 67 7 13 2 0 65 92 28 0 48 36 1 45 10 2 13 15 4 54 44 14 78 0 5 27 21 4 1 65 26 4 97 18 1 29 82 2 17 10 0 7 67 5 26 38 1 45
13 5 1 77 13 5 0 32 0 1 0 12 1 3 0 4 9 5 1 6 0 59 6 2 67 90 1 7 60 20 17 2 46 6 20 10 1 12 89 1 6 7 30 6 1 64 77 78 4 12 3 7 55 2 77 8 1 1 20 32 23 11 1 70 1 0 51 17 0 29 6 30 6 2 68 2 0 86 7 0 3 1 1 0 3
29 27 0 56 27 10 1 49 8 0 19 79 2 94 3 17 0 71 10 2 68 7 31 0 21 0 33 0 0 9 10 30 12 80 96 8 3 39 30 12 85 35 8 88 19 18 25 78 90 35 1 2 22 17 1 45 3 33 0 8 34 53
17 9 62 4 23 6 71 11 6 10 0 1 18 1 73 3 1 0 3 4 77 24 12 0 30 34 18 35 24 43 66 87 72 2 23 3 1 21 1 15 0 6 44 73 2 62 0 10 13 0 1 8 1 0
2 12 13 16 0 61 62 20 40 39 43 18 0 89 5 12 20 0 11 17 57 0 3 80 12 7 8 28 28 7 57 72 33 72 28 89 73 14 0 65 30 39 90 32 2 0
5 1 11 55 1 54 1 10 31 80 1 5 74 23 57 3 75 15 68 3 29 22 74 9 1 16 65 11 42 94 99 43 0 8 85 1 2 0 1 2 0 2 29 0 5 2 72 24 77 1 0 3 11 10 1 0 59 30 5 7 15 1 4 0 0 20 0 9 1 2 17 0 14 31 3 21 15 39 23
57 0 37 44 92 5 66 3 4 8 53 0 6 0 0 1 84 21 47 6 34 55 84 0 1 0 3 4 1 3 43 58 71 30 8
15 0 0 1 11 52 25 0 11 16 3 2 97 14 2 32 27 3 17 76 18 45 13 37 67 15 50 1 5 15 2 87 2 9 7 8 0 89 29 0 55 10 53 7 23 9 59 0 15 22 28 21 15 3 52 6 0 7 10 5 64 6 53 27 22 52 91 39 24 20 0
5 82 25 63 52 2 38 64 56 4 1 46 0 26 11 73 3 10 1 56 27 0 3 7 7 0 0 25 0 60 18 26 74 32 2 4 3 77 8 16 6
0 0 0 8 12 15 7 37 74 18 5 9 70 1 10 5 37 32 0 0 26 11 10 11 0 13 40 3 13 85 3 30 0 36 0 97 23 11 81 1 62 8 19 81 36 2 34 29 1 1 5 2 3 1 1 36 21 0 64 69 10 2 2 6 35 0 1 3 15 92 1 39 47 9 3 34 24 25 91 48 32 45 1 57 36 3
1 12 2 13 32 2 0 68 16 15 28 1 25 43 2 0 87 98 50 0 7 3 17 7 4 0 0 11 1 4 33 72 4 19 5 84 15 1 17 10 4 30 3
55 2 0 2 2 23 6 35 3 13 9 18 3 1 14 2 2 43 13 23 4 6 10 0 16 1 17 2 8 46 6 0 94 10 19 3 33 93 0 0 4 13 14 0 1 43 5 14 0 39 0 81 68 80 74 5 10 58 54 0 1 90 6 7 59 4 33 77 21 5 33 3 8 43 12 57 13 13 54 25 27 53 25 72
1 0 6 65 82 2 77 9 20 0 67 84 0 88 18 95 0 67 43 7 57 0 2 1 0 85 11 18 0 0 74 7 43 1 29 89 0 71 15 11 0 10 97 48 4 16 0 61 72 4 1 41 0 11 91 1 84 35 17 28 63 7 3 32 6 4 1 28 14 4 24 73 1 25 28 86 32 0 52 0 3 13 0 7 12 11 4 22 3 24 0 25 0 2 2
20 1 3 75 37 3 30 5 25 79 31 30 27 71 73 1 29 14 1 0 4 38 84 8 5 1 51 54 60 0 41 0 25 43 0 8 6 22 9 60 0 71 1 1 1 13 5 76 6 28 9 4 9 32 55 29 84 71 4 0 63 41 41 0 8 0 0 38 20 44 9 3
14 20 53 20 14 95 0 2 18 1 20 22 51 9 9 2 24 31 0 72 0 0 35 36 1 2 0 49 2 64 22 8 67 40 22 2 5 32 9 0 5 2 0 6 24 75 26 2 0 0 3 5 81 0 34 6 54 0 9 0 0 13 7 0 44 17 21 17 56
18 21 8 11 0 95 0 28 4 73 72 6 6 86 4 5 69 86 5 1 16 3 32 0 85 83 91 32 11 13 14 70 5 39 83 77 1 26 93 0 5 1 2 5 0
57 8 93 6 1 4 39 91 11 9 1 15 2 22 8 2 3 52 1 5 24 1 40 9 0 8 29 57 0 20 1 48 11 13 66 5 25 20 45 0 11 4 75
1 84 1 7 2 79 4 0 54 20 17 3 13 52 5 47 5 0 1 55 17 0 0 3 32 79 18 0 0 5 18 19 80 0 27 81 0 75 14
58 2 71 24 6 0 7 1 27 8 99 9 21 9 58 3 5 15 10 1 61 10 3 78 2 4 62 10 0 64 4 97
1 0 3 71 15 26 11 81 1 0 8 5 49 6 32 44 60 49 54 30 12 2 22 45 3 23 13 80 0 99 43 53 43 1 45 0 0 74 15 6 18 48 73 1 81 5 4 26 3 78 79 14 15 14 1 11 11 97 11 29 60 3 78 69 24 11 51 64 22 55 74 15 71 19 57 7 49 12 7 42 61 91 23 1 12 9 41
23 0 5 1 3 64 60 25 7 7 2 12 13 3 3 0 40 4 21 64 48 12 19 1 0 31 8 53 2 1 19 0 0 44 3 1 94 17 2 51 36 67 30 11 1 0 13 45 45 1 11 53 4 6 19
0 0 0 0 1 0 1 11 98 1 77 2 40 1 38 4 94 12 11 3 0 12 97 6 80 52 62 56 35 7 86 15 44 0 24 18 32 4 15 0 69 3 37 0 30 90 3 52 39 5 0 93 19 35 3 95 80 13 24 0 37 6 13 15 9 38 16 4 14 20 49 84 14 2 2 0 23 18 31 0 1 8 72 4
23 50 10 0 15 20 0 5 6 28 59 0 0 0 5 3 3 51 42 0 1 16 0 91 8 1 1 3 7 4 21 10
35 26 2 1 10 27 24 54 0 5 6 0 96 0 5 0 1 6 2 5 0 19 13 1 21 2 4 85 4 62 8 62 13 2 0 5 2
0 5 0 26 13 63 85 5 1 19 26 0 8 74 25 4 33 8 1 6 94 11 28 5 99 9 3 0 44 3 5 20 51 36 16 35 16 14 29 4 55 24 13 0 9 19 19 6 4 0 1 5 0 29 68 2 1 13 8 32 0 6 0 7 4 79 2 66 32 2 48 14 6 37 1 2 6 0 89 12 5 4 22 50 22 5 1 52
9 1 2 22 0 60 3 25 9 34 1 11 17 64 86 17 54 36 74 55 53 3 46 5 72 18 24 11 34 0 0 79 52 3 8 10 41 56 7 13 24 1 1 0 6 0 20 5 11 10 10 43 48 7 0 3 0 6 2 0
36 2 98 72 7 1 65 3 35 16 52 7 27 13 73 14 0 0 37 31 12 50 47 1 72 67 8 38 61 2 1 35 56 0 12 3 18 4 0 19 0 2 0 11 99 23 5 35 1 1 0 76 30 0 24 36 20 0 45 60 39 6 6 2 95 60 20 72 0 47 23 4 7 30 14 1 1 3 3 66 4
3 1 2 99 92 0 27 17 6 3 55 12 67 34 9 0 10 1 79 0 88 0 62 0 0 14 58 17 15 42 39 45 9 0 51 10 56 8 20 0 10 10 1 0 72 4 30
1 11 0 62 3 1 75 14 0 26 24 23 5 6 19 0 0 7 11 5 78 25 2 16 22 51 0 39 11 0 8 1 28 26 41 4 0 8 20 1 3 66 4 91 18 40 39 40 0 5 0 32 68 16 4 28 37 33 1 89 4 2 36 29 87 61 22 10 0 0 77 15 0 5 51 3 7 11 6 87
1 12 0 24 27 21 16 0 26 4 32 9 2 18 12 5 7 21 0 8 0 9 0 0 0 10 8 57 1 18 7 43 31 91 0 34 34 5 35 7 1 4 10 15 0 67 1 52 14 67 3 74
25 75 31 48 3 47 71 4 48 2 68 20 0 31 42 21 1 82 65 33 66 0 0 0 11 3 2 10 6 4 2 2 21 12 35 78 30 25 0 2 8 66 13 17 17 47 69 22 81 29 2 3 4 12 5 2 34 32 1 11 77 16 1 21 46 25 2 9
0 37 13 15 0 19 89 0 10 64 83 15 1 53 19 42 46 11 0 0 26 1 26 39 0 1 26 56 17 45 98 0 19 88 6 76 2 6 29 35 26 63 75 0
3 1 4 82 0 37 16 4 4 81 18 2 40 85 29 10 6 1 1 0 8 4 8 12 31 97 2 76 5 12 42 2 8 35 0 90 94 9 63 12 13 2 13 2 1 11 18 48 9 11 74 0 16 37 75 38 31 0 75
0 97 0 64 87 1 31 85 3 58 0 68 0 3 16 10 3 36 9 21 0 0 3 55 6 3 6 0 17 2 24 45 4 24 22 0 2 9 70 55 80 47 94 19 52 1 86 39 0 0
10 0 1 1 3 6 12 34 81 56 31 75 2 1 18 25 0 56 66 69 55 2 1 10 22 1 93 0 19 22 0 3 15 33 3 2 7 18 18 15 9 20 50 1 64 13 14 6 2 6 97 2 70 3 11 0 12 0 12 42 7 24 0 1 1 0 4 15 82 1 43 0 7 1 12
0 41 11 25 45 8 13 5 61 0 86 18 0 11 5 14 73 3 0 4 20 77 0 3 13 15 3 16 8 0 32 65 62 34 9 32 3 82 2 72 50 39 50 8 59 6 13 39 28 9 7 57 11 51 0 0 26 11 4 15 1 1 7 21 2 4 2 58 10 74 96 14 10 3 59 44 0 24 1 0 4 44 0 37 60 97 17 18 26 0 3 14 46
54 51 8 13 17 27 28 87 2 31 2 17 5 40 13 2 11 3 20 13 54 24 5 0 4 4 9 21 10 11 2 6 64 29 5 0 0 3 8 1 0 16 7 32 27 39 0 37 4 4 73 22 0 79 25 0 15 40 9 96 4 18 8 4 1 24 47 0 2 0 0 4 6 17 90 17 8 33 7 47 0 14 84 0
11 17 0 23 0 4 70 8 90 46 9 29 31 4 19 47 2 68 51 9 2 83 42 1 0 1 1 0 2 80 9 6 59 22 51 4 20 0 56 3 22 8 9 44 6 93 4 2 13 92 41 22 6 41 20 1 11 39 15 6 10 1 4 29 14 21 46 1 0 0 47 6 61 36 25 74 7 0 80 1 50 51 4 21 60 35 57 78 6
17 2 74 99 6 22 0 3 83 56 55 84 89 94 8 12 0 0 2 41 8 0 0 30 64 33 31 0 3 1 0 14 69 6 2 29 3 64 26 2 13 7 5 1 21 47 0 2 24 82 5 22 48 4 48 4 7 3
2 46 14 38 5 2 13 63 19 45 21 30 19 78 60 1 19 52 69 41 12 12 68 70 0 1 41 1 70 91 76 4 30 13
6 82 12 1 51 4 40 23 0 69 4 1 58 89 4 42 23 82 8 3 40 9 0 0 78 18 40 56 35 7 76 4 33 3 28 4 0 2 24 4 9 19 6 13 10 28 2 8 91 97 3 2 0 80 0 6 6 81 4
5 60 17 16 21 3 22 14 12 95 20 0 63 19 94 13 1 2 0 5 1 51 0 31 45 3 9 85 55 8 24 1 83 98 6 0 8 14 64 2 5 26 3 9 10 1 0 70 7 52 14 59 28 0 39 12 7 24 24 3 0 0 36 28 11 0 58 20 20 39 0 70 15
58 3 6 1 61 10 68 1 0 16 88 1 1 63 0 19 53 19 0 13 16 58 97 10 62 46 0 4 1 99 3 59 1 22 0 87 24 46 3 34 75 5 4 1 3 17 11 12 13 50 0
66 47 5 3 29 75 36 0 0 45 1 22 21 10 4 39 3 10 17 36 31 67 12 55 6 12 9 8 58 72 3 26 33 8 91 0 4 40 93 34 28 12 13 20 20 11 24 37 13 93 15 47 0 91 4 18 24 36 34 43
1 16 20 23 0 55 3 72 22 0 2 16 45 1 41 90 0 0 0 0 2 0 41 2 0 96 19 73 3 3 12 7 18 0 53 31 5 0 0 39 2 18 78 87 10 5 2 0 14 11 1 3 35 3 0 27 44 54
67 9 16 0 21 90 6 4 78 84 38 88 32 18 0 12 2 4 0 3 40 64 85 63 14 16 32 0 39 20 72 3 16 22 3 14 60 0 1 3 31 2 8 51 2 0 0 66 1 2 1 45 3 19 1 35 38 75 61 57 38 10 10 0 14
14 1 5 2 2 47 12 95 1 20 1 7 0 4 57 14 1 9 14 1 59 6 7 36 76 25 1 0 91 65 78 24 2 0 3 1 5 2 9 2 75 4 42 13 34 0 17 0 21 11
0 57 2 90 82 4 1 0 4 8 23 4 30 17 17 0 7 1 3 12 20 9 6 1 0 33 2 10 8 2 26 2 39 65 31 29 57 84 10 16 18
98 1 8 26 0 7 14 2 20 23 18 0 36 99 5 9 73 1 10 10 4 55 27 91 73 15 92 17 38 7 13 16 45 1 11 32 6 4 59 46 0 6 1 1 0 14 13 27 67 14 99 6 0 0 3 1 1 37 60 22 47 5 30 79 89 12 4 51 2 68 4 31 5 44 10 28 71 3 46
7 32 47 0 12 41 0 16 0 61 0 36 10 0 27 34 7 2 74 2 86 34 31 11 12 0 7 1 44 0 92 10 0 1 0 28 20 48 25 5 1 41 31
75 3 0 98 11 33 3 5 14 1 29 79 17 66 17 27 0 26 7 1 23 18 32 56 8 21 15 39 72 91 1
0 20 5 20 89 0 1 0 29 31 54 54 90 1 5 56 2 51 3 39 85 1 0 1 21 0 67 46 52 0 8 3
2 0 46 58 16 21 4 0 6 10 89 54 27 34 7 7 16 86 23 41 1 0 11 21 10 17 1 22 1 5 10 1 1 53 5 10 1 1
0 18 56 2 51 0 3 46 65 18 45 57 1 2 66 0 12 50 96 10 1 84 2 44 0 44 16 12 2 32 11 91 78 23 73 1 53 1 4 5 1 26 61 73 2 14 30 2 2 0 10 1 0 0 92 54 17 28 2
79 6 0 98 29 0 7 46 20 8 0 0 3 66 3 66 0 19 27 6 75 4 10 5 3 1 40 4 20 37 33 93 75 3 58 51 2 8 45 48 10 34 44 16 2 83 34 0 14 58 11 34 69 87 7 9 74 0 9 63 15 0 76 12 27 28 26 19 2 57 28 9 0 44 2 1 2 3 25 3 39 68 64 69 57
25 1 0 9 67 1 0 5 80 39 84 2 4 9 41 2 0 21 1 20 43 46 56 10 7 18 7 3 33 5 2 65 2 0 9 15 32 32 40 63 0 17 99 0 3 2 37 43 47 42 10 6 12 0 44 42 2 60 2 39 87 27 48 2 44 0 9 43 1 7 21 14 4 9 0 76 67 2 20 47 3 90 57 3 5 15 8 22 23 4 1 28 7 10 3 25 6 11 7 6
0 0 69 49 15 2 3 33 1 2 15 4 46 1 0 6 54 2 0 1 93 1 0 79 38 0 12 0 11 1 39 62 7 12 13 66 25 56 3 63 99 0 57 3 0 58 48 91 16 0 51 1 34 0 78 6 10 9 3 0 38 73 1 74 0 48 12 27 1 25 84 15 10
74 16 3 0 4 23 86 0 8 21 5 6 19 1 9 1 64 4 41 94 6 2 6 44 1 2 9 4 15 0 78 0 72 5 1 21 0 11 77 0 0 16 4 92 1 12 0 3 35 16 7 89 6 44 7 51 3 53 48 33 13 25 17 0 10 16 0 0 37 1 95 26 62 6 89 3 98 35 0 45 27 16 60 23 0 8 9 0 27 15 65 74 33 48 22
22 60 75 63 3 2 29 25 14 2 31 2 28 9 3 31 68 0 81 44 0 4 93 0 0 27 1 60 9 0 0 0 45 11 27 57 50 2 23 3 31 2 16 32
2 18 70 12 24 8 0 26 1 75 61 66 25 40 3 35 23 27 2 0 0 16 17 13 39 31 0 6 2 15 27 17 20 4 55 67 26 40 79 34 82 1 82 9 0 83 56 84 13 76 97 1 6 0 33 88 29 56 37 2 36 0 1 0 1 15 50 6 33 7
20 80 1 36 10 67 1 52 82 69 44 85 74 5 9 0 23 14 9 23 7 1 35 10 6 5 3 5 7 59 2 9 2 73 4 12 0 97 13 11 35 2 16 12 65 8 23 67 78 6 1 0 21 0 4 2 80 14 8 1 0 16 55 31 17 8 46
57 8 24 3 24 25 2 28 45 0 6 47 2 1 68 7 2 83 0 0 91 17 4 2 15 12 23 3 0 0 0 70 11 26 10 21 3 11 0 1 0 81 6 66 45 77 4 20 19 11 83 47 36 11 10 25 27 12 0 10 21 96 2 56 34 87 37 80 3 0 2 28 67 26 0 19 76 31 43 20 4 31 17 2 1 1 1 13 88 6 60 36
19 68 93 18 8 2 12 23 42 3 9 19 0 28 2 0 18 11 7 37 39 4 71 0 0 22 1 31 0 47 3 53 6 3 42 1 77 2 4 8 1 0 33 13 64 48 15 0 0 17 3 0 40 4 1 97 21 2 41 9 27 0 56 82 37 45 1 1 0 41 19 64 79 0 7 5 22 0 2 54 87 0 42 4 59 58 8 28 1 12 0 89 61 3 37
0 3 14 67 2 5 29 62 77 80 13 0 9 1 8 4 0 27 13 8 31 18 4 10 32 95 55 7 1 60 5 59 42 1 76
84 77 32 10 42 55 25 64 10 9 0 4 43 12 22 5 1 27 20 7 21 0 74 39 1 17 8 43 59 8 2 29 3 61 1 99 4 68 19 4 3 24 2 10 26 0 1 47 1 3 26 2 3 38 45 0 36 25 31 43 63 22 36
56 1 3 62 4 88 3 96 1 0 5 24 3 65 16 85 47 1 68 46 1 90 26 0 7 3 78 16 55 0 4 30 36 1 22 3 8 34 63 27 34 95 18 0 20 11 2 70 0 1 20 33 0 1 24 17 78 1 14 0 0 13 39 5 12 0 14 21 5 29 23 14 5 84 58 0 11 0 44 1 11 53 57 1 2 22
26 22 2 8 10 48 0 3 0 1 28 25 12 0 53 1 2 23 18 16 12 31 21 44 38 9 33 1 14 7 4 22 26 1 59 25 1 10 8 43 8 82 14 61 44 43 2 0 13 25
3 0 1 36 10 32 2 20 34 16 18 26 60 30 1 18 1 98 2 41 21 48 8 0 5 1 84 19 29 6 3 46 18 23 32 1 67 42 1 24 18 43
48 2 63 4 12 33 0 0 14 2 0 67 91 27 3 16 1 17 2 0 5 0 88 93 29 5 2 55 31 9 15 99 1 1 66 1 88 21 6 18 16 0 18 46 11 34 22 12 51 11 1 3 26 57 70 79 5 74 40 0 24 1 0 49 54 24 44 1 0 0 0 1 35 0 3 44 91 78 20 1 1 77 0 57 14 84 2 21 0 4 78 8 0 6
4 43 2 6 0 14 41 0 10 9 16 24 23 30 77 67 13 2 57 0 58 63 8 25 1 6 1 0 11 1 6 62 0 32 3 26 9 0 2 34 88 16
37 2 0 44 31 0 9 92 4 4 26 3 1 28 0 96 3 32 0 25 51 56 15 1 68 5 11 40 9 69 1 29 9 1 1 7 12 7 0 0 79 64 5 1 54 35 4 52 8 1 0 0 16 30 88 7 46 24 90 1 31 0 85 0 32 8 41 12 36 0 66 2 29 6 95 5 38 5 55 41 18 35 5 11 8 1 18 32 0
0 56 15 2 5 24 0 14 46 54 2 7 11 1 0 69 1 10 21 1 2 11 84 94 30 6 70 23 8 4 0 10 1 0 19 86 7 11 8 0 2 4 36 3 5 19 0 0
3 37 66 8 5 0 0 8 6 30 39 3 81 8 0 48 6 11 4 8 40 40 2 52 9 0 4 10 4 9 54 0 35 1 15 7 1 18 2 23 5 50 0 79 16 1 0 60 84 88 7 2 77 46 4 7 10 51 31 4 35 13 3 39 1 24 0 1 63 25 4 12 38 26 12 3 60 1 3 0 18 1 1 86 1 34 1 4 1 24 9 84 48 58 58 57 46 2 0
14 21 10 0 27 4 3 26 55 1 17 5 47 32 5 60 6 0 5 0 48 0 1 5 0 1 7 24 94 41 7 46 4 23 0 10 4 5 0 16 0 34 5 6 84 1 0 2 6 2 7
45 9 41 0 1 6 5 3 89 0 33 29 1 1 45 0 50 93 66 14 68 6 19 2 66 7 33 17 2 0 12 1 11 5 21 0 1 11 75 4 41 1 50 2 3 12 45 0 1 14 52 10 49 14 97 22 49 20 91 6 54 0 35 44 62 7 0 49 62 30 78 7 4 0 86 58 58 27 35 1 30 8 36 2 0 19 59 93 2 13 2 4
11 0 19 1 7 97 25 6 15 45 26 26 17 30 3 1 3 0 1 0 1 48 39 87 22 25 10 23 63 32 21 69 3 7 50 82 8 24 41 61 0 2 1 0 33 18 37 13 54 0 58 3 10 36 24 9 3 26 7 1 59 89 0 0 1 3 78 31 1 9 95 8 7
69 51 1 42 25 22 0 5 5 58 47 0 0 1 48 2 2 13 3 96 3 7 37 0 14 11 98 21 1 69 0 23 13 25 0 12 60 0 38 59 98 76 91 10 85 1 50 1 66 7 0 59 27 65 1 1 46 35 17 12 2 39 2 58 20 0 7 46 0 32 6 0 66 21 4 6 85 10 18 40 5
0 4 5 69 13 0 1 4 73 0 0 2 72 1 4 14 5 22 2 31 57 18 71 6 58 0 77 26 88 23 46 0
17 1 0 77 1 12 4 2 14 59 3 4 51 4 31 49 2 1 66 23 0 30 62 3 26 12 3 4 35 54 1 15 4 1 64 0 1 43 0 13 1 11 4 4 28 59 22 0 0 5 86 77 42 16 1 10 1 70 11 3 2 50 34 1 9 4 64 0 7 5 54 16 0 2 9 0 14 0 18 37 46 25 1 37 0 39 29 0 76 3 15 2 24
2 30 1 73 61 15 6 0 10 85 6 17 83 73 20 93 49 0 0 0 44 23 26 21 47 16 66 11 2 5 56 68 3 13 67 1 8 0 7 35 2 5 8 12 7 26 3 1 16 4 4 0 0 10 12 2 12 0 0 5 15 2 4 8 4 40 0 3 2 15 19 54 0 0 0 1
30 1 0 68 5 39 1 16 39 1 36 2 96 25 0 4 89 5 19 1 55 0 7 38 9 59 17 94 0 0 2 12 9 0 0 0 2 0 0 34 3 0 9 84 27 12 1 5 40 6 45 13 11 1 34
15 1 1 3 5 90 6 1 14 10 60 13 1 29 16 66 1 84 61 37 13 4 50 0 9 30 38 11 43 0 94 44 29 0 48 3 16 57
6 2 0 3 4 37 0 0 49 24 10 26 1 4 13 94 73 11 14 25 0 3 14 0 53 34 3 1 8 0 41 64 21 21 32 3 7 1 0 0 0 15 26 4 20 1 1 16 35 33 21 0 2 32 17 24 5 69 34 45 0 19 1 5 95 21 61 0 33 1 0 43 79 0 62 10 1 3 4 2 4 20 0 50 1 78 78 40 74
5 67 32 47 44 18 12 20 39 41 25 3 19 5 24 7 3 10 85 28 0 11 1 87 0 0 18 0 70 0 78 2 1 41 0 45 0 6 44 1 7 0 11 3 85 92 24 36 0 0 15 41 10 19 29 72 16 74 5 2 2 35 44 1 5 0 3 0 81 0
12 17 53 21 4 17 15 48 53 2 62 29 42 59 12 0 16 7 77 19 7 1 41 38 21 2 29 0 16 44 86 7 28 0 91 25 8 50 85 39 60 46 11 0 58 27 1 11 1 69 94 78 4 41 0 34 2 19 13
2 2 2 29 26 98 38 93 7 50 62 6 2 4 1 42 99 9 14 11 9 41 47 13 27 18 75 4 3 27 21 9 4 45 0 93 7 6 1 83 54 76 51 0 27 3 31 19 41 16 88 17 8 0 5 1 24 0 68 54 3 37 10 8 1 38 8 64 43 69 48 49
20 35 4 23 1 58 67 5 23 22 4 82 0 1 6 0 51 94 26 23 83 2 8 39 1 0 42 4 8 0 0 18 0 8 11 11 56 41 26 8 1 19 68 3 6 2 42 87 0 78 10 21
92 1 2 20 0 21 13 14 9 80 3 77 42 18 26 5 0 7 33 0 1 3 7 41 87 47 0 90 6 1 20 35 54 68 64 8 56 20 2 0 5 24 65 19 15 38 3
15 26 73 24 0 31 5 1 39 3 0 0 0 12 36 4 55 57 5 44 17 3 80 29 7 9 37 0 24 3 40
26 12 3 2 0 3 19 0 18 9 4 37 63 88 43 1 2 0 17 16 8 0 57 9 3 10 6 67 28 3 31 0 17 0 11 6 23 28 24 7
11 2 40 94 0 66 9 10 65 99 26 5 41 40 0 1 30 8 0 83 14 73 19 4 1 20 1 74 29 3 30 0 1 96 5 71 8 32 1 56 51 18 7 21 9 82 19 0 57 6 15 13 2 21 2 21 9 83 10 8 15 4 41 15 27 54 74 19 2 74 8 78 0 3 0 32
70 5 2 85 24 7 20 3 33 0 0 5 58 9 8 0 53 14 2 15 27 15 3 4 11 6 1 0 2 51 23 0 2 33
61 62 6 0 0 47 3 10 72 70 98 63 24 3 21 57 7 3 27 23 8 0 12 65 53 10 76 12 5 2 3 60 7 0 35 51 11 18 53 49 57 26 20 38 4 1 17 15 39 83 0 0 49 44 10 4 76 57 2 37 79 12 45 4 68 27 6 2 99 6 0
0 0 6 8 97 2 6 0 0 7 90 53 15 1 98 14 2 22 4 78 0 2 7 96 3 55 6 28 13 1 6 70 68 98 27 24 1 98 6 32 0 3 3 33 64 1 1 3 7 1 28 2 91 19 32 1 7 11 5 39 46 25 0 52 0 1 1 1 1 38 8 97 40 3 8 3 36 2 88 95 55
57 75 40 90 6 2 4 7 67 5 53 16 52 0 87 22 8 4 0 41 1 17 2 25 10 7 0 2 3 8 1 2 0 17 21 2 2 2 51 10 1 0 10 12 46 0 5 0 54 92 7 51 40 9 12 2 9 9 67
1 3 73 0 42 3 23 72 1 21 40 17 0 63 11 27 9 18 0 41 66 82 37 3 14 8 22 4 7 0 13 15
4 1 88 4 99 1 31 78 7 27 8 78 29 9 45 13 19 0 31 37 0 11 26 19 56 32 3 35 4 57 5 53 10 15 6 17 10 0 8 16 12 97 21 22 0 0 46 50 44 35 23 32 0 36
3 76 35 59 0 76 54 4 34 4 2 27 0 36 12 17 7 12 27 0 1 4 77 34 0 4 22 0 0 1 39 5 8 6 46 41 1 15 5 8 18 27 25 14 21 54 35 0 95 0 67 63 3 0 4 23 7 80 5 8 71 0 15 2 0 9 14 4 23 11 6 86 8 84 20 14 0 1 5 6 3 67 84 19 0 45 81 2 0 35 18
29 13 17 0 0 6 19 12 67 38 37 3 45 5 2 53 0 19 47 91 0 3 51 0 20 2 14 25 14 0 4 67 3 1 0 60 82 1 41 94 12 11 35 1 42 3 0 79 0 81 72 0 10 0 26 3 24 85 9 51 51 84 25 43 1 3 35 13 4
9 15 1 10 14 17 23 2 12 5 2 9 7 2 31 40 5 30 28 3 19 24 41 99 15 4 24 23 7 12 97 89 50 7 35 17 2 3 34 44 1 6 86 4 65 17 3 61 19 25 17 8 15 92 3 14 15 4 35 1 64 43 61 33 87 2 27 3 21 39 70 89 53 46
34 29 24 78 4 10 70 2 59 57 64 69 48 5 3 9 9 13 3 20 80 52 2 10 54 42 7 24 47 50 0 3 33 13 38 6 0 15 82 1 0 1 38 5 0 64 3 66 28 30 65 79 60 3 13 5 0 26 48 7 0 93 71 16 2 89 3 12 84 13 20 57 20 2 12 1 54 0 5 14 48 8 8 55 47 17 13 62 0 0
26 22 0 0 56 10 73 15 14 2 25 94 2 3 72 3 47 91 0 13 99 2 6 43 7 0 24 67 18 25 60 3 4 89 30 0 2 24 59 0 13 35 63 83 13 1
1 19 31 0 8 39 2 0 0 37 6 8 1 8 1 37 23 47 2 70 96 81 40 47 41 10 42 4 15 0 8
0 0 38 0 1 4 2 15 4 1 21 24 33 6 25 0 2 5 4 57 9 32 1 3 74 0 14 4 11 78 61 46 9
22 27 13 64 25 2 5 17 18 21 21 1 1 27 48 61 0 45 56 7 1 64 26 40 86 12 65 3 49 25 11 26
9 19 7 51 1 4 19 33 8 5 33 1 6 0 72 0 39 2 52 10 1 36 70 41 28 12 3 87 3 84 6 57 0 94 79 0 0 15 0 2 28 29 40 29 11 27 58 8 55 78 84 89 89 6 61 25 3 0 8 1 61 2 6 16 38 12 14 1 0 36 30 32 1 4 5 0 3 12 67 22 64 6 75 7 3 97 14 87 7 4 30 87 2 5 6 0
47 43 1 8 97 0 18 17 3 11 31 87 85 4 96 6 51 0 6 0 63 32 10 41 10 0 39 20 80 14 41 3 67 5 65 97 16 20 6 33 89 3 0 2 61 45 30 3 40 17 41 58 4 53 1 1 27 1
3 13 7 84 55 18 31 0 58 81 4 37 37 2 0 39 1 17 1 0 15 1 93 1 5 82 9 37 60 25 19 97 54 0 35 50 1 43 22 2 30 4 14 80 3 0 1 18
6 14 3 85 37 57 62 38 2 18 26 1 0 0 27 74 1 60 23 30 9 2 27 32 12 2 2 46 68 57 35 14 12 2 4 0 9 0 2 77 80 53 0
0 66 13 68 12 2 2 33 1 48 27 1 24 57 98 1 42 1 15 62 31 34 15 2 43 88 63 78 86 2 0 59 0 12 9 6 4 72 2 78 65 54 26 71 4 0 1 2 76 0 10 36 2 82 2 7 10 0 37 94 0 75 20 5 81 42 17 6 13 0 13 82 38 27
5 18 92 96 50 2 69 80 5 26 43 5 8 13 0 95 2 1 8 7 3 6 0 0 0 10 1 1 1 9 26 0 0 67 41 74 63 0 13 39 0 29 0 21 1 64 1 3 2 6 17 1 41 26 59 57 35 2 45 90 7 48
1 89 0 82 28 19 0 4 63 29 18 22 0 16 0 17 48 46 5 64 9 0 14 3 38 3 51 27 94 0 10 96 28 8 80 22 44 0 4 0 17 11 5 44 70 3 4 89 0 26 76 57 21 2 10 1 67 41 27 21 31 54
16 20 34 54 14 28 0 13 55 53 0 46 15 3 59 23 19 2 88 2 63 1 1 48 16 6 25 0 4 0 0 75 1 4 81 6 0 1 89 31 0 3 0 18 0 16 18 2 89 61 0 49 54 2 45
23 4 26 4 55 81 3 40 6 51 11 57 50 24 0 20 32 1 9 14 0 2 5 76 7 10 31 0 7 11 38 16 5 1 27 12 1 9 73 90 40 1 1 4 13 3 60 2 63 75 0 0 7 70 57 6 23 21 27 5 15 16 30 73 0 8 17 9 9 59 8 9 59 17 3 20 0 0 8 53 85 39 8
2 95 60 0 11 1 15 25 39 70 0 16 63 98 77 82 84 93 0 84 19 0 2 4 10 0 20 22 19 7 32 5 4 9 12 5 1 72 52 0 0 14 8 1 14 15 40 0 2 5 31 6 12 1 15 5 1 55 10 30 15 29 32 38 0 3 12 1 16 10 24 78 0 12 84 1 50 3 0 4 44 28 0 39 2 86 34 15 1 54 36
50 12 0 95 13 12 20 67 30 1 3 65 28 33 0 85 9 45 57 11 9 2 81 16 97 1 11 13 2 43 0 1 0 7 88 17 94 1 26 48 0 71 1 69 0 0 1 76 17 56 40 4 0 0 7 0 0 97 66 8 3 16 45 41 38 80 7 13 82 7 0 15 5 61 18 0 0 51 71 44 81 4 17 39 7
6 0 30 30 0 56 12 3 12 9 6 0 30 0 77 32 2 56 2 30 83 3 8 30 27 3 5 99 78 8 64 73 13 78 72 78 51 0 39 46 42 2 2 73 19 29
1 87 0 6 0 0 60 10 3 25 0 92 16 5 0 52 1 32 28 13 0 13 1 4 9 14 18 35 66 6 0 3 59 0 18 9 9 40 1 96 65 5 2 15 0 35 11 47 2 27 0 42 50 83 27 32 0 23 2 0 57 69 15 1 1 11 29 24 88 3 4 52 1 3 6 98 1 14 43 13 37 10 2 41 6 48 57 33 44 64 7 5 18 27 96 3
11 0 4 88 12 21 5 0 3 1 2 6 12 1 49 2 16 12 0 60 46 28 0 58 2 2 5 34 8 72 75 13 59 15 25 0 8 87 61 28 0 48 12 50 5 17 0 12 11 2 6 59 0 4 25 0 64 18 10 1 45 9 7 53 3 81 54 95 15 34 85 44 0 2 94 13 14 57 10 0 59 8 12 8 0 34 71 14 12 56 78 3
13 31 17 35 31 21 0 48 33 35 0 86 12 31 11 78 3 99 19 29 3 18 12 0 61 82 3 77 0 9 0 3 13 3 53 13 51 2 5 19 38 37 88 0 0 11 23 23 0 36 1 58 86 0 15 6 35 9 5 2 17 64 7 11 68 3 10 33 31 31 9 94 6 0 91 7 12 9 7 0 0 34 0 39 19 55 0 19 3 14 40 5 58 49
30 75 15 8 0 43 6 79 91 24 34 67 95 28 10 0 33 2 33 24 90 15 3 67 13 60 47 14 49 95 1 1 59 9 0 65 30 17 3 21
21 72 86 26 4 0 71 9 5 8 2 72 4 20 8 26 12 0 18 1 0 7 3 5 14 74 37 0 21 4 24 18 0 20 8 7 3 27 6 2 1 20 24 31 0 14 21 1 23 30 0 66 6 71 3 0 10 0 34 32 29 88 18 35 0 0 16 0 35 30 16 32 2 7 96 18 75 1
59 36 56 94 36 19 0 21 6 0 52 57 1 5 2 3 24 5 50 6 23 23 0 5 8 1 15 9 0 53 19 33 4 18 10 0 47 32 0 22 43 1 90 3 4 0 13 11 97 2 81 6 6 13
54 5 7 59 65 0 18 6 25 18 2 4 30 3 12 11 46 8 15 6 31 3 0 23 39 0 36 3 71 13 57 15 6 17 7 73 0 43 2 4 78 6 63 5 34
51 36 0 15 15 0 16 7 0 1 0 48 23 26 19 5 41 84 13 1 1 3 3 23 5 78 1 8 3 1 3 0 13 11 2 10 9 51 10 40 2 89 18 1 0 0 22 0
89 61 5 22 4 32 3 27 1 17 61 14 7 16 0 32 2 11 21 7 14 59 0 7 7 44 39 57 32 46 40 83 22 20 98 24 98 0 37 26 18 7 64 2 9 39 4 82 14 22 5 0 3 40 93 3 3 15 29 27 53 18 63 12 59
34 0 12 43 31 1 44 1 31 14 0 3 84 50 81 15 2 12 0 2 13 1 0 48 18 47 15 81 93 7 1 4 30 84 15 63 9 3 3 99 14 16 89 10 15 8 45 0 64 11 3 1 2 16 18
25 52 0 4 3 27 20 23 28 13 2 7 23 25 79 38 90 0 83 6 67 1 18 17 0 3 28 54 9 65 54 1 27 12 12 4 43 56 23 63 65 6 8 2 11 79 3 23 11 22 55 0 3 37 69 10 78 47 2 13 12 6 1 31 34 4 6 13 23 10 14 70 0 38 45 30 2 28 4 29 60 0 7 5 0 46 39 2 37 69 2 12 63 14 2 36 95 73
1 40 7 0 22 66 5 10 5 27 21 35 21 2 39 84 4 3 1 4 59 6 10 28 21 0 12 63 7 13 0 1 0 20 21 6 42 3 18 8 22 4 0 6 50 3 96 54 20 1 12 6 18 86 0 74 0 77 13 0 27 12 13 5 6 44 39 28 41 29
0 11 15 80 13 14 29 0 25 45 3 60 10 2 58 13 23 0 5 11 54 32 10 18 0 2 2 2 41 1 62 56 1 83 13 85 10 1 10 2 14 57 33 11 6 25 61 12 17 10 72 55 87 3 1 4 42 12 13 5 31 33
38 19 2 8 0 61 1 69 34 65 0 1 95 42 1 57 4 7 5 54 57 73 0 24 2 0 55 39 49 95 0 96 26 0 78 22 27 5 4 7 8 34 1 2 25 77 37 47 17 2 71 1 41 1 5 31 63 8 1 73 56 21 33 0 73 1 65 1 38 11 1 17 62 9 1 2 35 93 6 33
4 1 25 20 54 36 23 23 1 6 6 1 10 2 39 69 1 53 39 16 2 11 7 31 32 0 3 88 11 79 3 35 7 11 60 4 32 11 0 21 26 1 0 38 38 0 37 0 1 9 6 1 4 1 58 28 25 6 17 17 50 16 15 1 1 19 88 79 14 11 26 87 38 13 2 0 13 51 0 34 13 9 0 9 61 0 2 0 50 20 3 21 95 79
6 55 97 6 18 0 10 71 16 2 0 15 3 6 0 1 0 38 45 1 92 25 74 4 23 86 6 30 8 15 1 12 42 38 30 3 63
18 1 35 38 2 2 21 0 8 0 8 27 23 13 19 20 56 7 49 18 0 0 0 8 5 4 56 3 0 2 2 96 1 59 14 0 1 55 55 1 71 2 2 3 75 0 8 6 17 0 5 1 2 18 1 2 69 4 18 0
67 6 6 65 1 47 57 20 1 1 39 0 21 4 2 97 18 56 54 13 1 75 23 51 11 45 94 77 23 99 5 2 87 55 9 16 1 0 56 28 49 2 56 53 3 30 74 2 32 0 23 57 14 36 1 62 34
4 10 0 36 34 28 97 85 0 10 1 80 1 58 51 3 17 0 22 4 0 52 23 0 43 2 0 52 0 23 76 1 23 0 76 74
2 19 53 16 94 79 51 2 1 3 11 23 28 0 6 17 13 75 1 0 1 6 1 9 21 35 11 39 28 0 1 4 10 22 6 8 0 0 36 0 22 0
35 73 1 88 15 18 1 15 6 15 22 60 44 3 54 2 44 12 83 1 26 0 34 52 41 7 14 71 0 2 3 12 87 17 30 12 85 2 52 1 49 19 7 29 1 0 3 1 6 29 0 34 21 10 14 3 19
11 5 2 30 3 21 96 2 5 94 20 73 56 5 2 5 10 2 10 5 20 68 9 0 9 45 0 0 0 63 40 49 54 8 18 83 0 8 46 9 14 6 4
14 46 98 54 4 46 30 62 7 3 41 1 83 0 29 3 19 23 3 8 5 1 83 5 14 47 1 41 8 35 10 13 1 2 12 1 54 0 1 34 88 14 45 23 70 85 1 7 62 0 36 6 14 18 1 71 27 61 53 0 2 0 88 0 21 55 1 16 1 16 55 31 0 16 53 62 1 28 2 50 4 9 0 2 9 44 1 23 0 7 32 18 24 29
6 31 7 43 9 37 16 1 24 47 58 8 84 32 54 4 1 9 38 1 91 47 18 9 51 2 10 63 29 1 31 14 6 3 0 11 17 0 0 56 4 48 0 9 2 15 32 12 4 0 68 3 0 9 4 67 3 2 6 0 72 17 3 78 12 0 0 12 2 26 9 52 26 0 37 11 0 13 9 38 40 81 8 2 23 4 0 0 19 53 0 20 62 2 0 1 0 0
23 2 17 8 73 0 12 27 32 28 26 31 0 7 20 26 9 31 39 0 6 42 62 9 7 32 10 0 16 20 13 29 38 2 10 5 16 71 1 0 1 45 21 5 4 8 0 25 0 2 11 77 52 0 8 2 59 1 89 1 42 69 75 2 8 29 8 47 20 3 73 2 6 0 0 13 52 4 75 3 44 13 29 14 88 47 0 8 12 58 98 13 23 99 52 0
1 1 6 86 8 28 3 17 3 0 17 8 43 15 3 6 58 5 47 11 14 64 7 12 21 4 3 81 40 66 94 18 8 0 8 4 98 4 47 0 80 41 49 56 27 3 0 17 36 86 0 16 1 24 4 19 40 5 0 4 2 0 5 1 3 11 4 2 72 94 85 39 2 2 63 0 0
85 13 17 63 57 70 3 81 83 16 27 53 31 62 7 12 4 29 27 38 32 53 29 96 1 21 0 66 14 1 31 0 23 0 56 0 23 47 53 7 0 21 61 0 19 4 8 5 6 28 12 80 29 2 11 2 0 78 10 58 8 7 45 2 86
6 33 7 66 3 3 32 0 19 51 38 41 10 6 13 0 55 8 4 79 4 77 47 9 7 12 23 5 20 16 20 15 83 9 19 72 4 46 23 0 93 84 74 0 97 20 49 0 9 87 0 21 21 0 39 1 7 91 0 91 19 4 7 0 56 58 27 4 0 1 0 6 38 91 73 4 99
0 25 31 54 18 0 1 29 5 0 42 26 0 1 75 5 85 2 10 0 64 1 25 38 14 33 20 2 30 37 12 6 7 1 7 2 0 5 88 55 61 19 15 0 11 3 1 31 5 5 30 1 3 18 85 30 1 12 56 7 2 23 4 12 0 4 24 0 8 69 0 42
1 28 58 6 93 8 3 1 2 5 36 2 1 0 44 50 0 96 1 3 4 1 73 8 1 55 97 9 0 51 74 3 93 0 6 61 80 26 58 7 29 1 0 11 3 9 0 29 2 96 21 15 7 2 27 11 29 38 0 13 0 0 42 10 5
19 12 0 24 32 36 7 86 50 1 2 10 0 34 7 80 5 26 3 11 38 3 16 0 18 89 96 12 30 13 1 2 73 0 0 40 20 6 15 10 33 20 7 49 5 33 52 68 17 32 80 88 5 9 19 47 1 11
45 30 50 1 33 68 82 0 12 24 14 0 6 51 1 15 39 2 48 6 8 66 45 10 0 31 16 6 10 7 2 17 11 9 21 34 49 35 49 30 14 61 41 48 61 3 27 2 2 0 2 48 11
52 32 27 56 20 22 82 2 7 0 31 9 6 21 91 17 12 6 27 2 0 5 89 2 4 0 34 59 1 62 0 7 5 5 17 14 0 8 93 35 14 58 4 47 23 20 14 6 1 17 24 0 15 1 17 16 59 78 2 7 0 24 12 41 5 0 25 15 4 9 0 61 49 3 4 34 38 1 1 82 5 43 3 87 61 94
44 5 71 14 23 19 0 28 34 26 36 12 68 70 7 26 98 50 42 10 64 31 0 3 12 92 17 49 1 25 2 12 82 8 20 78 24 26 87 74 47 11 40 7 10 1 78 23 99 0 6 1 0
9 1 13 0 4 63 0 50 48 16 2 25 87 41 97 58 59 1 5 20 60 49 1 0 0 0 29 0 99 0 40 10 1 96 1 2 38 8 7 40 93 58 6 92 17 6 67 16 4 3 96 75 19 65 7 61 2 89 69 1 52 55 24 4 6 2 1 13 15 38 1 8 17 80 2 24 94 17 22 10 10 27 17 0 0 37 0
0 25 2 3 5 1 32 0 8 3 1 19 77 6 15 36 7 42 1 99 20 26 14 4 0 2 66 21 1 0
5 46 11 9 66 32 1 53 84 2 19 29 0 17 2 33 4 2 4 6 31 19 1 26 2 25 36 6 0 27 26 57 10 39 0 90 9 3 5 0 14 15 86 50 30 13 2 7 8 22 2 2 11
97 18 21 4 45 12 70 1 22 87 9 27 3 46 75 6 94 97 39 3 16 49 0 0 15 57 0 25 16 54 74 79 1 40 36 18 7 14 27 1 3 15 1 68 23 94 1 1 11 2 6 23 0 12 91 32 33 8 7 0 2 79 1 40 8 3 0 41 63 4 71 3 59
1 42 73 5 55 47 17 1 16 0 9 2 2 33 12 0 76 33 70 7 45 0 52 13 2 0 2 4 0 11 99 74 1 36 26 0 67 35 2 6 3 45 4 24 1 17 4 5 0 78 96 6 14 42 36 0 25 63 7 3 33 2 8 0 7 7 16 11 9 1 2 14 1 28 86 2 0 5 67 0 0 57 36 3 91 4 5 28 1 7
20 70 65 8 46 19 67 1 26 0 23 0 42 1 4 0 67 17 13 16 2 90 39 5 55 83 2 26 37 20 7 37 41 24 52 0 13 53 37 0 10 54 6 44 43 18 3 0 9 89 2 17 9 0 3 82 0 91 8 0 1 3 2 12 66 79 7 38 84 5 50
13 4 51 26 0 2 20 26 8 46 0 25 57 32 13 49 24 1 9 0 56 4 15 27 66 79 11 4 1 6 14 92 26 27 95 0 0 2 19 8 11 35 29 16 1 6 12 22 6 50 25 35 3 49 95 1 32 85 31 82 28 1 3 19 16 83 2 32 13 0 15 71 31 54 27 8 2 1 52 0 4 87 0 12 2 28 45 18 42 8 53 7 1 0 0 0 5 38 50
26 6 54 25 1 43 15 51 77 62 15 1 1 66 10 4 83 11 51 16 32 46 1 0 1 4 44 42 5 4 50 18 12 0 98 5 0 29 43 1 94 27 39 7 83 0 5 2 2 64 6 78 32 30 35 15 1 47 45 0 0 24 0 51 5 4 2 2 2 16 1 75 8 0 3 19 7 1 12 15 67
16 4 73 15 10 3 14 20 0 1 46 66 19 5 42 22 0 19 35 17 0 2 33 0 8 17 59 0 59 4 2 12 4
9 92 12 6 51 82 35 2 27 26 47 0 0 35 66 19 23 69 96 0 9 70 7 48 42 35 6 4 3 90 36 53 35 18
24 5 68 84 45 85 5 1 0 77 4 31 2 5 12 7 76 94 27 1 4 2 0 69 43 26 68 13 29 1 20 64 26 27
4 3 10 9 0 53 0 11 14 2 0 4 13 9 20 63 8 0 1 0 25 11 6 35 3 43 31 25 79 0 33 32 52 52 6 20 11 77 92 4 85 28 0 36 0 3 1 15 14 92 38 39 11 25 44 77 17 10 18 0 28 51 77 64 0 0 5 0 0 0 47 0 34 7 17 29 0 10 0 96 2 1 89 58 92 73
44 29 17 38 56 0 1 96 15 6 18 1 14 66 17 4 41 7 92 7 95 21 0 33 88 9 6 80 1 3 29 8 14 18 37 12 20 7 65 9 2 37 2 50 18 0 3 9 44 8 51 0 7 1 2 9 53 0 21 0 25 2 16 41 39 17 84 3 2 36 70 51 23 0 0 4 1 1 46 73 5 69 2
11 1 1 29 77 28 7 0 30 1 1 3 45 11 38 0 12 2 12 20 1 51 11 81 28 51 0 17 5 12 1 0 6 6 28 52 0 77 12 24 19 15 0 15 3 27 13 8 29 81 12 2 23 3 79 55 12 32 2 9 78 0 14 57 14 12 1 41 2 2 10 2 46 54 3 0 44 74 14 14 30 1 38 36 3 7 35 0 8 4 24 59 38 48 71 42 33
19 26 51 21 56 82 40 48 0 4 2 78 3 37 99 27 21 3 8 9 46 0 9 2 0 51 1 50 63 93 16 4 22 0 7 0 35 0
4 79 2 0 9 81 32 38 4 2 69 90 1 60 19 0 0 27 70 33 69 40 25 7 21 22 59 2 62 8 0 5 99 97 10 9 78 87 4 0 39 7 4 1 0 13 2 44 0 58 2 3 5 2 7 7 28 10 6 50 0
26 29 0 35 0 49 2 47 66 1 0 4 6 12 36 2 35 74 5 6 0 1 20 0 6 40 69 12 94 40 49 79 10 75 14 21 45 3 28 14 3 1 30 94 39 14 0 9
37 6 95 2 34 2 72 44 1 0 74 46 21 0 0 9 10 16 1 9 12 57 88 8 22 73 2 5 60 3 0 11 2 92 23 9 78 38 2 12 2 23 2 1 16 30 8 8 14
7 5 0 0 13 21 4 45 95 66 3 43 13 12 6 5 3 36 23 4 23 27 36 53 7 12 71 82 16 71 3 76 18 6 22 31 4 3 16 75 25 93 5 68 0 29 34 11 35 4 2 24 20 0
7 30 20 0 54 32 0 0 2 2 0 27 60 52 27 68 49 60 15 1 0 0 4 27 28 90 11 5 6 3 1 0 3 25 7 1 0 58 1 69 58 20 21 13 1 6 0 0 1 22 1 47 1 20 13 6 69 15 7 40 90
58 2 3 44 76 1 35 18 24 18 23 5 35 1 44 98 63 83 11 56 18 24 0 3 91 29 22 12 67 60 3 38 49 2 26 0 8 2 25 3 52 12 5 95 0
68 31 3 28 63 12 1 47 25 3 0 10 0 20 2 14 52 1 11 6 4 91 14 10 1 0 0 47 1 1 61 28
59 73 9 2 29 25 11 0 0 7 52 40 47 82 6 3 80 1 44 2 99 45 26 0 0 38 16 68 1 22 0 24 21 0 12 1 27 69 61 50 40 19 0 0 7 52 35 30 11 22 10 80 8 4 4 15 14 41 1 16 10 5 8 38 54 50 70 0 5 6 4 95 34 27 1 31 32 11 6 0 39 36 0 14 13 25 0 0 18 82 78 22 22 2 4 78 94 2
0 11 1 47 21 27 9 24 22 54 35 6 66 0 15 98 6 8 24 19 2 36 5 0 4 82 3 47 10 94 28 6 1 21 0 0 94 3 39 14 18 55 36 6 2 26 54 19 42 33 67 23 8 37 12 20 7 18 46 9 59 1 0 3 20 61 0 2
2 87 13 72 0 75 1 7 41 7 15 0 2 33 7 77 10 37 13 47 73 52 29 13 0 19 28 2 11 18 0 4 70 0 0 0 4 81 4 32 19 1 0 72 48 77 0 41 0 53 0 34 16 24 73 1 5 94 17 55 58 2 6 25 26 0 28 33 7 53 29 12 2 16 5 48 1 39 19 83 80 22 68 15 3 3 2
0 36 86 7 5 87 0 63 24 65 3 0 44 79 50 0 62 3 68 0 1 22 0 7 18 1 13 4 16 41 5 0 66 0
1 57 0 58 36 76 89 0 3 86 7 1 60 72 4 3 1 6 0 10 87 4 47 2 0 26 1 1 19 28 26 0 0 0
7 86 54 0 43 29 2 33 69 1 16 0 81 2 83 4 30 58 9 3 18 13 40 3 15 2 83 41 12 9 56 15 96 16 12 5 47 0 6 58 0 30 96 22 24 1 0 1 1 33 12 16 8 47 19 15 39 1 8 8 0 37 0 74 11 6 21 12 15 28 7 34 6 19 0 10 64 78 19 18 2 34 33 2 21 4 41 27 20 1 5 58 16
6 56 59 8 5 93 10 69 1 13 1 71 13 12 0 5 12 72 48 1 2 0 47 20 7 9 22 0 5 88 16
13 0 90 19 56 95 2 26 84 77 0 29 48 19 22 27 29 1 44 1 0 2 0 64 6 2 1 53 6 2 33 4 2 19 21 20 20
42 23 3 6 58 2 0 8 0 27 24 0 76 71 0 42 18 21 43 51 1 5 32 19 83 15 1 27 18 34 4 58 66 16 5 2 66 8 22 7 0 7 12 79 0 7 40 68 5 62 7 0 48 48 21 7 15 0 10 66 26 6 0 11 84 25 0 1 0 2 1 1 0 42 4 0 0 88 63 6 29 35 21 24 60 0 4 10 0 0 24 29 1 17 1 65 0 31 3 55
21 0 17 3 11 63 95 26 56 5 3 23 2 0 11 0 2 12 99 1 5 23 33 0 9 0 63 3 7 5 1 53 6 53 18 0 0 87 7 10 1 17 17 2 33 46 3 28 0 41 4 20 79 20 12 7 80 11 1 0 1 65 0 42 1 0 56 70 10 2 0 2
1 38 3 10 69 32 4 63 77 25 70 7 26 40 41 6 22 18 27 1 2 56 50 91 9 0 31 0 37 17 63 4 0 9 0 34 66 53 0 1 79 64 55 7 58 13 39 4 59
0 0 6 19 4 22 28 2 41 12 0 91 1 0 8 67 0 44 1 82 4 74 42 22 12 11 87 1 7 35 0 25 17 18 9 28 50 0 0 5 26 3 0 5 3 81 2 7 51 2 57 0 57 17 15 0 6 0 17 1 1 20 39 0 35 35 47 1 1 26 46 36 28 51 21 53 15 6 25 21 47 59 12 64 50 5 1 26 65 19 0 96 3 22 13 18 6 4
55 1 83 97 1 26 5 67 95 4 5 41 17 25 8 6 51 1 29 34 9 0 80 24 2 23 23 1 0 6 8 10 11 97 21 0 42 13 1 4 71 8 92 14 6 21 5 22 17 9 16 32 18 56 0 8 3 65 3 0 5 14 10 5 42 2 4 0 5 31
11 6 0 77 19 45 8 2 53 17 97 81 90 63 64 48 2 7 14 18 26 3 7 44 95 41 39 22 39 0 8 62 9 87 48 19 19 95 7 6 54 4 4 14 15 2 13 50 7 5 13 1 32 6 9 43 77 28 0 6 0 22 96 13
82 17 1 9 21 37 5 34 0 23 45 0 66 0 47 87 4 73 21 4 0 0 1 2 81 2 18 54 32 0 10 1 7 3 53 2 92 0 3 4 14 97 40 40 2 14 0 0 10 57 12 78 5 7 0 11 0 0 12
0 47 0 7 7 27 2 0 39 52 1 20 2 75 11 9 7 21 78 31 51 57 77 3 32 24 13 5 68 1 17 93 10 44 99 0 18 0 13 12 8
1 78 81 1 17 6 1 17 10 10 77 36 16 0 53 12 3 80 7 27 2 1 4 50 5 23 1 74 9 8 73 38 0 22 5 57 1 26 30 26 1 95 40 14 20 70 0 38 5 3 3 0 8 39 68 1 21 41 28 0 0 0 25 2 98 41 0 76 18 65 94 38 6 0 95 83 2 75 2 15 0 1 1 13 4 0 22 38
51 38 18 2 6 39 19 41 10 0 15 10 9 33 4 0 23 73 0 25 4 0 2 65 45 1 32 19 9 58 94 31 9 30 17 37 69 1 6 7 0 1 20 20 67 37 46 9 18 28 0 32 22 7 12 47 0 8 43 2 70 0 79 0 34 4 90 37 3
83 1 3 19 5 61 46 0 6 72 25 0 2 7 9 70 79 64 2 67 2 19 77 38 32 22 57 80 9 0 4 10 0 66 6 54 11 19 28 0 1 20 3 32 5 11 5 2 65 3 4 63 7 8 10 0 21 20 38 39 36
0 12 1 40 2 18 48 7 7 0 1 49 2 91 0 20 0 17 49 20 7 5 5 3 66 56 2 10 12 89 0 1 33 4 17 20 46 42 80 57 27 4 0 7 1 3 96 15 1 14 56 75 29 7 1 0 2 1 1 40 9 26 8 78 16 6 73 76 21 56 19 61 79 1 1 10 0 1 54 5 4 2 65 62
6 0 14 5 62 97 39 3 1 71 21 64 6 2 15 2 29 20 43 0 41 29 18 1 12 16 2 11 6 85 1 62 0 11 0 18 4 25 31 0 10 3 1 30 2 7 40 3 11 3 22 1 93 1 9 3 76 4 32 5 27 57 1 1 95 78 38 1 0 72 1 15 0 42 85 10 1 94 32 36 3 0 42 72 83 74 0 28 28 21 93 23 11 2
6 52 2 22 16 3 0 63 75 25 63 7 7 0 9 8 1 97 7 0 4 2 0 43 2 6 99 25 33 42 0 69 0 24 12 0 5 9 4 91 0 1 13 20 26 10 8 5 6 83 10 0 17 1 12 89 14 2 0 59 18 97 46 56 82 27 1 2 2 10 57 17 5 22 5 5 0 7 40 9 0 35 99
72 7 0 12 26 0 11 0 83 33 3 61 6 11 0 5 10 21 79 2 6 7 54 63 33 1 8 2 1 79 0 2 0 41 14 53 0 2 4 6 0 65 15 29 3 28 25 6 68 50 0 17 4 24 51 2 15 40 49 98 23 87 23 6 14 39 99 0 2 51 8 21 6 1 44 17 16 35 48 4 25 3 71 5 7 5 39 4 25 21 0 86 49 7 0 19 16 23 0 21
19 0 56 14 85 15 29 43 0 13 32 97 0 60 1 2 14 0 12 13 0 9 13 7 2 14 49 1 86 94 9 34 0 2 70 11 0 46 0 16 70 2 54 13 0 1
22 13 0 2 47 1 4 60 12 15 44 40 10 27 27 2 66 7 0 61 38 32 36 50 46 54 12 1 42 1 95 13 17 0 17 36 34 1 7 4 82 20 32 52 5 34 7 2 5 18 6 73 2 26 75 10 42 1 0 28 1
0 2 5 3 81 3 8 87 93 26 77 3 16 83 11 14 3 91 67 3 2 18 67 21 26 17 6 23 6 18 4 1 2 68 0 39 14 52 8 19 8 90 0 42 9 1 50 46 69 3 26 7 52 3 6 78 4 59 72 21 0 2 21 10 2
91 52 0 59 3 22 1 3 6 12 49 17 40 15 24 4 3 20 0 14 47 1 26 75 98 6 65 0 81 12 3 51 0 38 10 0 3 3 16 26 92 1 0 8 27 36 42 52 63 2 5 9 22 1
5 88 6 3 5 4 7 21 5 22 91 60 21 34 0 45 5 30 6 4 32 24 61 3 95 85 19 42 54 0
15 56 0 6 0 0 2 90 41 3 7 31 37 34 13 52 71 1 32 0 41 2 18 88 19 30 33 0 0 44 4 61 44 65 9 14 8 39 32 9 1 1 0 1 10 56 5 66 1 3 3 1 36 5 95 4 3 3 0 6 3 1
1 2 0 67 4 4 4 0 4 2 6 57 0 6 74 1 14 47 10 75 23 68 72 24 5 17 26 76 4 54 2 0 63 2 2 38 5 70 43 4 11 11 11 5 68 3 54 10 10
4 6 0 4 0 22 29 68 91 22 46 17 13 1 1 6 1 4 1 5 4 96 8 26 4 58 26 40 4 0 8 27 10 19 20 84 15 3 1 85 87 98 9 4 75 7 59 47 47 65 92 91 22 81 1 1 41 96 2 85 15 32 37 17 81 0 0 12 22 91 37 37 87 64 1 32 0 1 2 2 7 2 46 2 23 75 15 6 54 97 2 72 49 35 1 9
59 0 50 6 63 38 99 55 44 20 3 0 3 1 53 4 10 10 1 7 3 0 4 82 5 19 10 0 91 9 8 0 20 1 89 63 3 24 37 5 71 2 8 12 6 53 64 69 26 81 5 10
41 8 32 93 5 1 67 11 12 10 9 4 2 69 96 64 3 0 74 1 88 29 65 0 24 72 23 0 3 87 71 29 0 27 90 0 9 0 4 26 0 30 68 58 67 37 2 15 6 5 30 1 27 60 1 2 2 18 5 98 7 10 2 0 5 5 15 2 5 12 1 0 2 82 63 17 96
0 76 54 8 0 1 69 8 59 1 65 42 9 1 22 0 4 2 0 33 96 87 74 5 4 72 72 29 7 1 97 11 0 22 32 6 0
2 92 66 4 1 69 28 21 10 24 6 20 1 10 82 88 78 38 5 7 27 1 4 97 3 68 20 22 31 10 0 54 2 1 84 72 30 30 71 6 60 27 55 0 45 5 42
3 3 26 11 10 12 19 4 1 56 1 33 95 47 25 49 92 0 5 1 34 1 1 15 35 17 6 23 85 92 0 10 4 12 2 20 6 1 43 0 10 20 3 5 1 44 92 5
46 37 3 77 19 14 8 2 36 36 10 28 3 31 1 2 15 14 65 9 7 51 1 13 23 1 2 4 8 88 2 2 0 67 26 26 1 17 80 42 6 28 2 0 9 51 21 82 40 0 1 23 6 6 88 12 89 35 64 10 22 99 26 13 16 8 65 45 19 22 85
4 6 4 0 5 97 12 66 12 42 46 21 57 54 14 25 44 11 13 9 85 1 11 12 5 3 29 1 2 51 19 0 0 78 5 34 6
21 12 3 1 19 23 76 81 4 7 0 6 3 87 9 70 1 74 44 75 18 22 20 11 0 42 17 4 7 0 0 74 41 3 30 1 84 5 1 26 3 6 70 86 48 41 5 2 1 92 0 73 0 1 15 20 61 47 16 3 83 0 26 2 1
2 70 1 42 89 3 22 79 0 47 5 86 9 8 69 22 0 0 46 2 98 0 1 22 5 79 0 72 95 2 1 1 0 30 0 63 0 2 0 21 2 0 10 4 12 42 64 6 73 5 50 17 4
9 3 25 24 67 32 39 10 90 3 19 13 71 0 2 1 13 78 94 9 41 33 12 41 18 88 53 45 1 2 20 8 7 17 16 13 21 80 62 31 2 5 0 0 0 13 37 9 0 1 6 0 95 4 20 68 60 15 6 53 11 1 80 0 8 1 17 1 2 51 6 4 12 92 93 1 82 1
4 2 3 3 3 56 82 63 1 28 3 23 4 31 39 3 82 44 92 20 45 38 11 0 92 7 45 46 3 16 1 57
4 93 63 44 3 0 30 7 37 46 1 54 0 26 52 0 0 55 17 5 4 1 2 52 71 64 29 70 49 15 21 79 15 14 1 84 0 4 13 13 36 86 35 1 12 15 36 23 31 39 6 0 59 49 28 0 53 20 75 2 76 13 1 0 0 17 38 0 68 7 6 78
0 0 24 47 62 47 0 21 2 21 18 0 52 9 6 2 77 20 0 91 3 1 0 2 2 55 18 0 2 88 4 83 15 26 81 51 22 37 1 0 11 0 28 84 4 1 18 27 68 45 18 2 73 0 0 0 16 69 3 61 43 6 46 77 57 92 0 82 60 62 3 0 64 46 9 2 66 1 13 91 3 15 40 3 17 45 28 2 0 4 62 3 0 19
80 24 20 93 48 3 8 43 21 47 65 0 67 64 2 3 57 2 10 5 11 55 3 18 84 5 32 5 0 29 83 2 15
73 47 21 3 0 2 1 56 9 45 31 66 53 95 1 2 34 3 88 17 13 7 6 80 12 28 81 16 1 14 22 3 65 0 0 37 52 0 20 37 35 5 35 8 44 90
0 0 8 19 35 20 2 2 27 4 65 1 5 0 7 1 70 7 7 7 2 1 36 6 15 5 11 73 67 51 88 11 58 0 21 6 97 7 6 2 25 1 4 70 85 8 56 9 50 28 20 0 15 5 6 77 29 2 64 0 9 54 0 74 12 1 57 93 95 10 18 10 1 8 6 40 36 3
14 1 50 1 10 15 1 46 20 0 99 58 0 2 4 73 0 91 65 75 28 31 11 5 0 79 0 35 77 28 78 8 49 19 13 3 79 2 2 59
4 25 27 18 0 16 95 53 8 10 3 4 20 71 24 52 0 57 1 47 93 52 57 96 42 15 10 8 2 5 83 1 5 22 85 21 15 40 6 29 1 1 3 68 2 92 5 31 8 51 11 66 30 73 10 22 21 7 2 1 29 27 1 81
0 78 26 9 0 7 86 3 2 0 12 10 1 2 37 0 92 0 96 21 44 1 86 3 89 15 11 19 2 72 63 38 1 18 85 1 97 27 20 19 4 75 17 47 9 0 27 15 27 14 4 8 85 33 6
7 49 7 19 6 12 7 0 18 0 1 5 2 1 58 17 0 18 72 36 1 0 2 4 2 6 57 2 24 2 56 36 57
43 2 25 68 6 13 9 1 12 16 8 25 25 0 0 6 4 9 68 80 1 0 3 77 7 31 0 5 80 64 0 68 0 7 2 9 3 0 10 30 44 1 55 5 27 25 14 0 4 0 27 55 41 45 71 0 1 46 15 0
3 57 0 45 4 0 10 42 5 66 1 9 0 0 5 0 23 6 52 3 73 47 2 21 22 35 33 51 18 0 46 1 0 76 39 4 15 16 85 0 83 18 2 0 34 0 0 15 16 27 2 8 3 22 2 58 0 2 4 44 87 10 60 76 0 6 51 21 20 48 50 3 1 2 1 0 1 17 0 99 1 15 28 56 3 37 43 73 59 1 12 42 65 12 4 2 0 4
1 1 1 26 91 8 8 99 7 70 37 31 4 23 0 26 31 10 40 2 71 0 92 15 51 84 5 52 99 71 0 15 8 92 56 3 6 45 0 1 88 37 25 48 35 2 3 15 0 76 5 4 51 83 2
19 1 2 0 43 2 41 9 7 2 3 25 12 79 2 20 0 0 7 0 91 1 52 59 0 9 0 18 82 57 16 22 2 1 73 54 10 1 6 0 2 18 0 9 8 25 1 12 0 24 82 1 6 98 20 4 52 64 0 7 58 17 34 24 0 28 99 79 1 9 49 1 0 26 10 37
36 4 0 17 11 21 90 72 0 4 10 16 50 21 23 6 1 51 89 2 0 63 28 78 4 1 1 1 30 16 44 88 19 58 14 0 31 0 2 16 24 0 0 20 2 34 5 1 3 10 1 0 4 27 16 0 24 82 98 45 27 32 7 15 0 2 7 25 28 47 9 4 35 25 15 7 2 53 6 9 1 25 4
5 41 20 21 98 6 1 68 88 0 23 23 0 22 26 75 31 8 2 1 8 64 31 0 15 69 3 12 10 1 19 5 84 3 8 0 10 33 89 22 52 15 8 1 28 15 12 80 80 3 0 5 52 33 5 3 7 27 94 40 31 5 29 1 3 31 35 10 52 40 0 5 37 50
23 0 0 19 0 40 0 14 1 0 97 69 51 6 5 17 3 75 92 72 0 10 8 18 28 0 17 12 2 10 0 1 23 7 2 15 58 1 26 26 53 3 98 0 42 57 2 45 1 68 2 5 61 5 91 65 23 66 43 0 56 29 58 1 10 68 17 51 6 26 13 1 1 51 0 49 4 58 1 8 4 7 0 6 17 51 22 7
1 0 43 45 46 25 0 1 33 9 0 10 3 0 6 47 28 5 14 3 19 2 23 71 84 89 2 24 1 37 95 81 65 46 25 1 2 92 83 7 15 20 4 51 82 2 2 10 17 3 11 46 9 14 0 74 0 2 15
5 4 79 6 0 13 13 36 3 28 12 1 26 0 66 0 2 0 15 28 48 21 37 83 26 87 98 1 0 0 7 40 43 6 95 1 83 6 6 24 18 46 1 16 46 90 10 0 11 0 0 10 0 57 80 2 27 0 39 9 41 57 10 55 6 11
2 0 92 36 3 1 4 49 39 17 23 97 25 0 0 8 14 7 2 0 70 58 92 4 16 5 1 8 5 75 38 4 4 0 2 5 0 43 77 2 5 91 9 46 34 26 28 27 10 7 32 6 90 10 89 1 0 14
29 1 1 13 1 11 4 0 20 0 23 27 38 6 98 65 93 0 5 4 60 49 2 6 1 1 1 48 39 30 92 16 1 13 0 23 3 89 59 61 3 19 59 3 4 10 51 1 79 5 3 3 10 1 1 61 88 2 5 1 57 20 13 24 1 5 8 0 45 59 0 2 78 0 2 0 33 19 6 3 25 54 69 1 1 2 11 80 12 2
17 3 19 33 94 0 47 79 54 1 43 23 59 42 73 26 5 1 85 8 57 63 53 0 7 52 4 85 22 50 1 92 9 15 7 61 37 10 13 15 18 30 31 33 88 28 45 2 0 42 0 23 71 67 30 54 2 20 5 33 9 26 0 3 77 64 1 3 3 5 25 46 45 1 6 3 6 0 45 29 31 0 2 4 13 60
17 27 20 0 0 11 4 2 45 5 98 46 35 83 10 30 93 32 33 1 0 40 3 11 0 1 32 0 0 72 97 27 23 57 38 13 0 19 20 26 66 0 72 49 0 29 0 0 1 6 4 4 0 11 25 66 0 42 32 20 13 14 75 0 28 49 53 1 7 2 1 7 32 31 11 16 18 15 10 34 2 4 5 5 9 29 92 2 15 4 50 15 8 2 10
17 57 74 22 7 0 0 0 22 18 86 28 28 79 70 80 0 1 51 53 6 41 3 0 96 22 8 15 9 94 51 0 4 1 18 4 0 23 24 16 20 15 29 97 91 12 4 17 49 97 19 0 31 2 31 2 3 4 47 30 5 13 15 9 59 41 30 11 22 88 6 36 1 8 1 3 43 0 24 2 47 0 18 5 3 0 34 0 2 13 74 55 5 81
75 1 67 16 0 42 3 58 7 19 0 83 92 5 6 0 2 12 67 63 9 44 27 45 50 8 2 98 34 3 0 18
0 0 5 9 44 0 30 96 2 3 2 75 14 57 98 13 44 0 0 57 0 16 7 28 37 2 3 23 13 0 5 52 28 11 75 1 61 8 75 4 14 72 27 0 1
0 76 8 14 61 0 17 46 2 1 0 68 0 21 56 40 75 6 36 0 6 50 1 93 0 1 60 3 56 94 62 29 5 2 10 8 87 20 43 53 15 48 64 54 41 0 3 0 11 0 27 0 43 5 7 10 1 6 44 84 2 25 4 0 84 10 51 18 52 8 0 90 0 22 22 83 83 5 66 2 81 20 0
2 0 56 26 68 14 4 2 1 7 14 28 14 0 9 6 1 2 3 11 2 1 4 57 12 0 1 82 24 34 62 0 2 63 15 57 11 2 1 7 69 42 17 75 51 10 28 37 0 3 7 73 14 1 7 0 65 0 11 33 36 8 83 1 31 3 0 56 0 27 28 0 98 0
52 93 3 27 15 18 89 39 20 0 28 12 6 10 62 8 77 44 6 60 8 0 9 42 23 70 4 1 5 31 26 0 71 8 69 30 93 13 36 26 40 2 40 1 30 7 55 35 22 2 21 11 94 0 6 60 2 3 1 33 24 24 1 12 17 38 89 2 11 6 1 73 21 43 5 5 0 55 79 0 2 24 0 0 22 29 0 44 45 64 7
0 67 83 0 61 46 63 3 2 77 9 11 25 62 0 15 1 5 67 18 96 80 54 2 9 14 15 6 0 82 4 52 55 6
3 3 9 0 10 1 31 42 1 14 68 3 12 12 1 4 92 51 3 24 51 94 11 4 12 2 88 0 19 14 1 8 0 7 35 3 44 1 32 0 49 9 0 8 12 77 2 4 16 19 7 54 78 7 25 1 74
11 27 42 2 0 28 3 2 12 2 38 22 0 1 11 46 1 0 0 38 0 7 33 19 52 0 52 5 64 72 19 1 48 51 2 1 52 0 66 64 13 14 28 19 17 24 12 13 0 55
3 5 91 25 29 0 1 1 26 1 50 1 7 9 2 11 12 45 22 44 2 31 3 32 30 10 7 14 32 5 17 43 0 42 66 21 1 3 1 2 22 11 2 3 25 20 11 82 31
31 0 0 2 27 69 90 4 63 32 0 19 14 9 95 11 63 56 6 27 13 8 14 1 15 10 43 77 19 16 6 10 5 0 87 6 0
48 26 10 43 12 0 49 22 14 27 12 83 0 0 33 9 1 48 14 0 7 32 0 28 13 0 99 10 22 21 3 17 19 1 36 15 15 43 0 66 3 44 1 1 0 12 16 0 27 22 7 36 70 32 77 16 16 47 9 21 1 77 27 12 1 13 38 61 0 52 9 6 66 65 4 0 36 37 4 0 75 0 2 57 9 52 1 8 1 10 7 8 36 2 2 27 0 64
20 28 9 26 60 52 8 19 12 97 52 3 0 36 84 36 6 46 0 25 21 61 53 10 12 0 13 10 79 33 5 20 72 16 45 36 3 24 55 1 52 29 37 6 2 0 5 56 0 4 0 42 1 28 2 17 6 1 80 24 5 8 94 5 30 0 13 1 69 78 59 33 1 10 48 0 1 91 6 61 7 2 5
38 39 5 7 1 0 0 0 20 12 24 26 3 76 0 1 10 54 10 0 3 39 41 73 14 1 0 16 93 0 77 26 11 58 0 44 4 92 96 5 8 1 46 4
20 16 20 0 4 2 82 83 1 11 0 23 74 48 46 35 32 48 0 0 35 36 63 16 4 7 90 98 5 22 8 6 3 45 0 75 40 7 5 87 42 7 14 99 26 1 52 9 78 10 15 78 4 28 34 67 23 7 0 51 23 27 17 75 63 65 4 2 97 0 23 12 0 4 24 0
0 84 40 34 58 0 10 97 59 0 3 2 15 8 0 2 93 2 55 19 13 0 49 74 58 15 4 55 50 0 2 39 2 86 8 62 38 54 4 38 4 1 23 2 9 1 56 0 13 84 75 38 95 30 43 11 0 67 0 13 32 6 4 19 1 85 0 26 54 34 61 12 21 1 5 24 2 32 82 4 16 67 2 44 3 1 95 20 0 39 40 1 0 0 3
3 1 38 0 35 4 65 31 0 13 36 36 3 4 97 1 28 0 0 42 37 5 31 18 4 1 4 24 16 0 6 6 34 15 55 84 18 13 69 1 60 2 0 2 29 0 2 15 15 82 81 0 18 9 45 5 6 3 46 8 0 55 3 22 66 23 69
0 1 73 18 8 57 15 14 4 0 16 16 53 33 8 1 35 3 0 0 0 13 0 54 10 5 2 9 1 0 39 6 0 78 0 48 7 87 11 97 50 30 0 67 0 74 0 30 67 52 9 3 86 39 21 11 8 2 16 2 69 53 5 2 3 80 3 10 26 55 78 78 8 77 0 23 9 72 14 58 65 0 72 9 10 8 16 0 0 4 7 45 1 2 1 3 47 1
25 59 6 54 0 79 42 35 48 6 98 14 60 1 28 22 0 5 11 2 8 78 24 0 39 3 51 50 3 88 41 62 12 14 21 39 1 6 0 7 46 91 24 18 0 18 13 11 3 42 79 1 91 7 22 26 1 13 2 32 1 89 4 38 3 67 96 1 8 24 13 15 79 30 21 9 0 10 1 13 2 0 6 8 34 31 0 25 64 20 0 14 94 48 73 56 37 26
7 66 1 61 6 0 1 81 1 0 63 4 13 7 19 0 51 10 47 2 55 14 41 0 27 92 25 0 0 2 0 53 5 0 42 66 18 2 24 72 65 0 42 0 1 6 4 24 9 3 21 3 7 9 0 12 42 8 8 17 2 62 0 17 18 39 9 28 4 5 12 1 36 4 17 10 2 16 0 21 14 2 1 9 9 24 72 52 7 37 1 94
24 25 2 49 0 55 0 62 33 4 77 55 3 17 36 26 9 2 0 45 29 32 60 18 0 23 37 7 5 0 75 0 17 30 82 17 18 15 1 3 2 5 4 30 8 6 45 44 29 24 4 60 3 12 2 8 97 10 51 23 45 1 76 19 17 1 2 0 9 80 1 0 4 4 0 71 0 24 0 2 18 0 61 10 46 23
1 79 17 1 24 17 13 59 6 66 6 2 2 91 61 49 54 23 8 2 65 32 81 41 20 4 30 59 3 50 2 44 38 0 7 6 12
48 1 93 32 30 0 1 13 4 30 14 0 9 0 78 27 0 29 21 0 29 34 14 10 4 22 91 2 3 48 2 10 78 1 87 48 11 7 0 40 3 18 39 1 0 0 17 1 41 0 1 9 3 16 9 14 48 0 18 11 92 18 30 1 35 4 0
94 55 76 5 72 57 8 17 23 24 10 5 2 7 4 1 2 87 4 1 19 1 19 5 34 1 9 18 36 0 22 78 8 70 0 5 65 8 58 1 46 27 55 0 62 2 26 6 12 0 36 1 93 26 3 19 15 28 48 0 51 79 0 5 27 0 31 15 21 29 13 28 14 26 44 33 0 8 6 0 92 81 33 73 38 6 7 4
1 0 21 38 35 18 0 3 11 85 48 3 77 0 5 56 9 47 28 30 31 10 0 76 1 30 18 1 69 6 0 55 19 5 31 0 48 13 14 42 2 16 18 1 13 2 1 97 39 4 6 0 4 0 1 66 18 1 88 79 15 46 26 0 11 0 52
51 64 2 17 8 99 9 0 87 0 10 24 87 3 16 11 8 1 82 73 9 13 2 22 85 53 16 3 19 37 11 37 29 40 6 2 3 23 78
59 11 24 10 82 40 2 85 0 45 0 8 6 35 37 1 0 1 3 5 4 0 1 9 2 2 54 83 1 19 58 0 62 43 6 6 0 0 18 80 18 12 51 17 4 0 12 22
44 49 67 69 64 14 84 6 3 2 31 0 73 1 22 0 29 0 13 22 4 66 0 6 92 27 20 0 1 4 0 13 12 17 0 0 47 3 58 26 1 31 0 5 61 0 5 2 20 6 3 86 33 1 49 6 59 9 16 44 28 9 65 29 15 5 2 0 27 3 25 3 20 54 8 1 0 2 9 18 39 11 11 63 69 67 1 0 0 81 12 22 1 0 11 2 73 5 92
1 72 19 4 77 92 20 2 10 86 1 6 1 3 33 16 17 37 0 17 26 39 22 25 38 1 82 3 1 0 0 1 33 20 15 8 0 3 1 2 67 7 3 52 3 0 32 4 8 85 16 22 38 4 53 11 2 79 74 10 51 0 46 0 1 49 15 8 10 99 1 0 15 9 96 3 2
0 10 15 25 94 2 2 1 3 4 39 2 0 7 8 7 0 5 16 2 0 97 0 5 8 15 3 17 74 27 7 33 86 6 3 0 23 19 5 11 77 4 74 32 9 5 0 1 3 45 47 24 24 6 2 39 0 5 26 4 0 82 1 19 56 20 1 23 2 1 63 0 92 25 50 66 50 47 4 2 78 1 2 40 5 6
41 34 38 91 41 16 31 17 0 20 40 1 44 0 41 2 29 5 3 0 3 25 94 22 4 48 61 2 73 1 3 0 31 52 0 6 46 30 21 0 29 42 25 5 18 60 1 98 10 74 39 2 20 4 3 45 2 92 22 4 34 0 68 40 28 98 12 7 1 2 2 8 3 9 16 1 0 15 1 12 65 44 12 21 53 2 4 3 0 60 2 0
5 5 43 41 14 0 1 0 74 81 60 3 1 27 4 31 12 0 5 0 62 2 4 17 6 5 20 23 35 70 2 62 1 6 26 97 14 50 98 54 63 3 50 2 46 59 4 36 22 13 0 21 1 0 60 11 33 6 9 0 0 1 67 3 32 12 22 88 0 45 76
6 21 41 3 20 15 4 41 42 1 8 0 1 30 3 6 57 22 1 43 5 76 14 24 35 1 46 11 48 6 2 61 26 1 47 3 20 2 6 6 2 59 76 14 1 16 1 8 0 12 19 19 3 47 12 29 31 13 41 16 56 5 20 1 72 0 4 3 45 7 29 0 28 95 3 1 71 69 7 85 1 10 33 31 0 14 11
0 93 1 83 13 25 93 3 40 65 20 9 7 68 28 22 3 9 3 9 2 16 8 8 24 45 15 9 1 94 36 18 17 54 0 25 74 1 69 23 34 0 38 38 7 0 66 0 14 0 62 96 0 13 0 53 4 4 23 10 11 7 9 2 75 39 52 0 52 27 25 63 56 73 8 0
20 31 31 18 30 0 44 7 0 12 0 16 30 62 68 16 24 28 86 23 5 43 9 0 0 1 37 3 1 77 16 86 98 35 54 9 0 50 3 59 1 0 16 9 9 94 87 1 0 0 30 18 0 3 30 34 4 0 36 4
25 15 27 0 76 38 90 8 19 4 2 53 4 90 11 95 10 27 43 39 7 0 15 0 7 29 5 89 1 0 25 4 23 11 6 40 7 38 16 12 47 0 87 0
0 89 3 30 20 10 3 97 11 33 1 27 75 7 49 58 0 3 2 16 6 93 20 4 30 1 0 16 10 1 0 41 0 43 16 25 12 91 21 6 31 0 0 23 35 3 2 3 69 0 9 23 43 0 30 41 70 19 82 77 1 0 2 31 15 47 10 14 72 37 0 81 41 0 60 2 16 42 37 0 8 15 18 34 98 11 29 7 45 69 42 15 10 1 28 2 23 69 28 13
22 71 0 2 98 5 0 30 2 35 98 26 29 10 39 3 48 33 50 19 1 11 42 35 0 0 0 0 4 0 65 3 0 0 7 17 52 27 45 0 0 3 1 5 1 55 21 67 2 24 2 32 6 29 12 9 12 88 2 31 25 96 77 2 1 23 6 2 11
14 7 4 8 3 13 50 2 2 12 1 7 12 27 47 10 13 2 1 0 4 4 68 97 2 0 3 40 1 4 3 61 17 0 52
9 20 8 47 20 9 26 46 0 29 42 1 49 1 1 9 40 81 36 1 23 27 5 59 4 21 1 69 5 2 0 6 9 23 5 29 98 49 0 3 17 6 21 15 3 25 23 1 3 26 1 46 0 7 44
1 7 47 36 5 2 3 30 69 64 0 31 15 45 9 28 0 20 16 23 0 8 2 31 1 38 4 12 62 1 18 51 5 0 2 3 28
98 0 1 18 49 26 61 24 38 4 9 20 7 27 2 12 1 2 46 74 1 15 9 18 60 18 16 17 0 6 4 12 68 13 62 32 2 40 5 0 25 38 0 9 72 88 57 3 37 4 63 9 63 32 37 0 2 2 83 19 18 2 22 3 12 95 0 12 0 0 6 20 0 25 18 2 50 37 5 0 44 0 69 0 8 1 6 49 9 0 40 27 13 1 1 15 82 9 21
9 10 6 0 3 62 8 18 96 0 61 8 8 6 8 5 1 78 3 54 1 0 69 10 28 9 18 82 22 0 0 99 1 75 82 0 67 11 89 68 56 15 25 54 6 0 19 72 15 15 1 41 11 0 32 51 16 59 11 0 0 1 19 28 4 39 66 95 44 30 2 15 9 1 97 14 33 2 60 9 3 19 2 50 81 28 74 3 88 12 8 35 35 27
28 36 24 38 38 38 98 4 27 20 51 32 26 12 7 10 11 88 87 10 24 30 24 28 74 11 86 36 0 35
19 20 3 69 0 24 35 21 4 3 61 3 3 2 14 18 1 0 31 0 39 14 17 1 33 2 5 16 0 58 32 7 63 86 76 5 4 1 1 13 92 6 3 11 2 2 29 52 8 10 3 3 10 1 39 41 58 32 20 1 20 4 3 21 99 12 3 0 0 0 9 76 24 23 51 9 5 0 16 24 0
29 70 37 19 59 25 2 81 6 12 3 0 87 1 49 89 18 2 8 80 46 3 69 92 75 44 6 14 29 97 0 10 39 27 8 2 7 0 19 8 64 33 1 0 42 79 20 47 1 47 0 3 1 7 28 36 82 37 0 13 3 2 2 41 3 69 5 34 33 1 9 27
50 78 75 7 8 3 17 2 0 38 84 11 26 49 0 62 60 17 37 86 21 79 69 2 14 24 2 0 21 6 13 6 37 27 3 11 57 57 1 29 53 11 8 5 38 56 13 0 7 0 2 2 0 16 11 60 1 50 1 31 33 8 40 28 0 56 34 41 0 26 15 35 75 4 0 90 9 20 26 0 0
18 8 49 17 0 2 0 41 19 50 73 9 5 6 48 8 13 9 81 11 6 51 0 21 0 98 50 51 1 12 27 26 1 7 6 3 44 1 2 1 52 22 30 22 2 1 1 31 6 1 51 14 0 8 1 10 9 1 6 0 0 7 12 0 5 48 23 42 27 4 0 0 1 0 15 40 33 0 51 1 39 38 51 28 4 12 19
4 4 0 60 21 16 23 0 0 35 56 18 0 53 7 1 88 62 18 30 26 10 0 23 93 6 25 92 49 51 9 0 20 14 58 4 72 14 0 14 60 10 63 16 1 3 38 9 11 94 4 0 63 0 2 1 1 59 0 75 1 32 10 21 17 6 10 17
8 15 53 6 23 1 11 12 0 1 40 17 51 63 2 27 7 28 5 0 2 38 5 0 0 37 14 1 46 8 5 56 65 0 1 4 26 20 8 53 83 3 4 42 45 0 14 6 17 24 2 13 11 71 39 38 54 72 3 94 14 3 14 15
0 9 18 10 6 53 92 2 6 15 28 0 3 1 13 85 6 3 6 0 40 2 43 2 76 2 3 68 0 43 69 0 14 35 43 17 84 5 86 75 1 0 24 6 3 47 91 0 69 0 10 30 18 0 15 22 2 0 1 5 74 0 41 1 3 78 51 10 9 11 3 37 30 39 2 18 12 2 15 94 13 0 52 30 0
32 0 3 24 3 26 37 0 0 1 3 0 42 25 21 39 0 2 2 20 50 4 96 5 0 0 8 32 0 5 1 4 5 21 65 0 89 12 0 17 6 13 66 22 23 22 10 86 73 12 1 0 22 84 48 36 21 36 46 8 10 37 24 74 2 0 58 15 0 83 12 2 8 12 60 75 5 12 8 6 28 1 20 0 89 80 0 39 49 1
21 12 10 47 10 3 26 4 5 18 15 8 40 7 3 14 19 3 0 2 8 4 19 40 1 56 9 2 32 0 4 62 70 5 94 47 28 15 41 32 8 0 1
85 1 10 10 2 33 1 54 0 1 78 44 47 2 92 99 6 1 7 72 13 51 16 1 0 7 4 73 92 37 30 23 6 2 1 1 2 2 34 0
46 96 11 77 19 14 15 6 20 1 20 57 8 4 62 36 33 42 5 10 7 9 52 64 63 6 2 38 1 14 11 0 1 20 42 2 1 5 3 10 41 0 20 26 64 89 0 94 0 18 93 80 1 47 19 0 59 0 25 57 1 2 82 99 4 32 66 13 8 0 1 37 78 0 7 77 81 0 4 31 3 16 18 54 66 11 82 0 57
25 14 45 0 19 44 5 4 25 1 49 0 43 2 0 31 39 10 2 38 59 4 0 1 0 43 36 0 19 8 1 25 29 73 29 49 14 21 1 15 38 10 1 67 1 12 2 28 5 0 24 5 19
0 2 20 3 2 1 0 7 0 0 14 2 19 39 24 2 0 35 0 7 25 23 45 25 19 14 8 3 80 3 41 0 8 28 35 99 28 2 37 64 42 0 54 9 68 1 3 34 14 11 38 1 89 3 18 1 92 7 0 44 4 92 79 29 3 10 84 4 25 23 67 2 1 0 56 35 0 11 39 18 43 8 7 36
59 0 62 13 33 6 4 1 56 2 0 1 15 55 8 0 26 14 71 1 2 9 52 8 7 0 3 22 0 52 2 29 30 77 1 3 3 1 23 41 41 7 73 4 4 28 2 57 1 20 47 16 55 48 61 80 56 1 7 1 69 20 35 19 86 58 3 4 13 23 31 6 1 3 2 83 88 0 2 96 3 8 7 7 4 40 76 42 60 85 34 27 36
0 28 4 12 0 6 1 0 2 0 63 0 40 0 27 60 38 79 4 9 0 61 13 2 56 98 0 64 67 4 91 56 43 2 3 15 32 2 13 24 3 45 1 1 17 64 1 14 46 0 34 2 48 7 12 0 0 60 0 0 26 0 18 14 63 16 0 13 6 6 7 84 65 35 0 37 2 30 39 31 2 13 18 15 8 1 3 55 12 8 69 42
15 77 62 6 13 45 30 82 0 54 17 27 3 5 3 29 0 7 9 46 49 68 5 0 0 60 33 7 41 2
1 32 0 8 41 99 44 1 12 38 3 33 22 23 9 41 34 16 6 1 30 31 29 40 33 24 91 82 31 85 0 29 96 0
0 36 62 20 53 3 6 69 74 12 1 28 45 23 32 27 40 51 82 18 4 2 82 14 56 1 0 74 19 26 36 21 32 0 6 4 1 5 18 9 8 6 41 2 38 0 15 98 37 13 5 0 1 0 13 22 4 55 87 39 86 3 89 36 15 41 65 63 74 4 20 71 4 92 43 13
95 1 0 0 20 63 2 5 2 6 0 8 5 0 3 18 32 3 49 20 2 0 6 39 50 70 6 34 69 38 48 70 3 6 26 42 85 19 3 12 2 3 42 50 23 2 71 96 6 47 81 94 19 3 2 12 1
32 4 4 4 28 29 55 1 72 3 11 2 6 5 74 62 6 0 6 0 13 23 28 69 73 88 17 49 3 42 12 4 59 9 12 67 5 4 8 86 0 0 93 11 79 35 35 80 44 30 98 1 0 3 14 70 5 49 1
3 0 3 0 3 45 2 67 1 1 44 3 6 23 23 10 27 62 15 1 1 21 29 0 0 1 22 28 26 18 2 67 44 4 0 15 20 52 7 3 31 20 0 61 6 3 21 48 6 60 26
75 83 0 84 20 1 2 10 5 20 0 8 3 1 44 74 3 9 0 94 0 0 22 14 14 7 26 0 86 0 0 2 0 2 95 1 37 1 0 69 0 43 0 3 24
15 51 9 1 0 3 33 76 6 0 5 17 20 9 0 7 1 32 74 31 20 45 23 51 53 7 0 22 16 9 2 6 89 2 34 91 1 11 99 0 0 54 78 9 17 0 0 63 26 16 0 79 29 48 15 14 38 48 69 1 8 10 7 40 1 0 22 40 11 36 5 21 40 21 6 1 5 10 6 38 14 22 1 3 9 1 21 7 95 11 17 5 4 3 41
39 44 0 16 24 33 0 20 22 72 54 54 20 92 47 11 19 11 79 2 2 0 10 48 0 4 20 2 31 0 26 24 7 4 5 0 50 18 54 32 17
4 6 0 13 11 29 17 1 2 1 3 0 15 1 2 0 11 9 18 4 2 56 29 54 4 22 33 7 37 0 0 65 10 67 0 95 8 11 48 9 1 26 9 2 0
26 9 4 0 48 3 0 2 9 65 0 20 99 67 7 5 1 57 14 6 15 1 35 7 23 1 44 9 19 5 50 0 39 7 12 2 16 5 90 6 1 5 74 3 61 27 17 68 16 11 5 13 88 0 21 7 14 2
50 9 32 38 29 0 28 10 2 1 31 75 1 15 0 28 0 46 5 11 1 3 6 37 76 97 29 41 1 1 67 4 19 1 8 5 5 1 15 9 25 86 24 1 36 6 72 25 13 2 0 3 48 37 0 4 33 79 1 34 2 4 7 60 47 22 1 6 0 58 8 0 3 34 0 16 13 27 32 55 0 9 65 16 1 32 3 0 10 0 47
12 3 13 0 79 23 19 4 77 2 1 21 10 11 8 40 17 77 1 98 45 72 5 91 57 46 0 62 93 18 1 24 0 14 32 34 25 82 2 59 42 21 54 47 0 33 48 63 3 13 32 64 15 3
13 95 8 32 6 73 36 14 9 3 82 11 7 0 24 84 2 8 2 0 76 61 5 2 25 44 4 90 0 1 95 82 33 55 18 2 9 1 1 7 25 0 0 90 13 0 18 24 38 20 48 58 58 1 29 31 13 2 3 1 17 24 43 12 0 12 18 4 8 8 19 2 11 11 57 1 18 86 5 4 40 0 17
3 24 30 1 46 1 48 1 10 0 15 4 89 29 50 25 23 16 13 9 71 43 31 0 11 9 2 32 0 9 33 12 58 21 7 39 4 75 23 18
2 73 57 5 42 43 1 52 1 59 15 67 1 14 74 9 1 8 24 4 7 7 24 36 91 83 7 58 5 3 13 57 20 67 73 0 65 88 13 1 1 4 27 0 78 47 2 91 75 16 46 72 42 1 2 10 6 79 83 7 25 2 12 30 0 65 0 8 6 27
2 40 24 45 15 26 13 8 1 73 73 1 0 3 97 39 42 30 72 13 72 1 1 15 46 54 4 45 6 33 5 87 9 13 7 74 25 20 1 24 17 59 48 0 16 17 35 2 3 21 0 7 56 7 88 0
77 0 18 1 50 9 0 2 1 36 6 10 49 7 1 76 4 18 61 80 2 85 0 22 1 45 3 48 12 4 56 0 0 28 1 19 86 38 9 41 85 3 21 19 72 22 14 2 12 2 25 1 3 1 1 46 2 2 29 12 82 1 2 52
2 41 41 76 73 9 20 0 68 34 75 13 40 29 14 53 43 36 18 3 44 44 1 52 66 3 59 94 22 19 43 85 26 25 2 14
50 6 0 0 85 50 65 15 27 31 1 18 2 19 66 14 36 67 4 3 5 63 14 71 22 85 0 77 15 26 2 16 2 35 65 49 14 6 14 3 24 35 0 0 56 0 1 0 0 15 1 15 17 1 13 7 4 56 76 23 66 29 8 87 42 4 22 47 30 16 34 0 16 6 24 2 50 0 43 0 11 0 22 8 15 52 10 21 10 6 3 72
19 0 8 25 2 0 52 56 8 90 31 13 66 65 64 14 5 57 40 7 1 2 2 80 6 20 0 15 89 42 53 46 23 4 2 6 1 11 14 4 92 70 98 0
11 14 77 20 13 1 26 98 16 1 51 6 51 4 20 60 1 0 1 4 17 12 52 2 3 45 41 10 4 1 8 2
37 21 28 4 0 0 55 2 34 23 0 11 77 1 19 21 37 31 1 25 52 65 0 0 67 26 27 50 36 59 3 82 76 35 11 57 1 2 40
77 64 9 3 38 56 8 46 11 0 14 0 1 20 1 28 13 9 10 9 54 0 4 5 87 54 5 19 0 0 25 8 22 5 3 34 3 10 6 18 42 0 9 76 1 3 0 23 2 1 44 84 37 1 7 50 0 0 28 71 0 7 2 28 0 29 15 5 43 0 13 26 12 38 4 12 33 37 80 1 74 13 15 0 0 3 6 0 0 21 34
0 25 52 62 18 1 4 32 12 29 0 4 0 0 1 41 7 2 22 54 7 33 4 37 13 0 28 67 1 6 33 40 11 61 5 23 3 23 3 41 13 57 52 7 9 5 24 14 3 70 1 1 6 10 25 26 0 72 48 86 8 0 11 0 13 2 68 2 19
76 19 22 2 4 5 1 19 22 77 32 5 44 3 50 20 3 96 8 8 1 63 0 84 0 11 57 75 71 39 71 0 3 0 10 17 32 10 66 17 43 6 54 30 90 25 8 11 0 51 14 38 40 96 11 12 4 0 54 77 28 2 9 37 4 53 14 71 6 4 77 29 9 13 0 57 3 88 39 7 0 50 40 0 1 0 57 44 1
93 1 2 7 52 15 19 23 11 0 9 19 16 29 13 3 60 10 8 0 1 1 1 49 19 1 0 13 19 3 1 19 17 0 9 7 10 1 0 21 0 1 14 11 42 4 0 70 36 17 2 34 55 82 9 2 23 63 1 17 6 7 7 37 46 10 22 2 1 0 57 13 10 2 31 8 59 26 11 29 54 20 22 0 1 28 7 69 84 14 0 8 49 33 17 0 6 0 11
44 7 3 14 2 6 4 21 12 3 84 62 9 77 0 45 0 0 83 9 5 90 2 16 32 10 12 17 63 0 81 27 29 5 2 58 89 37 14 81 3 53 8 19 0 54 1 10 31 74 0 1 43 26 11 25 27 19 83 36 25 33 0 0 7 7 0 10 12 34 37 85 10 90 54 25 2 24 67 88 16 90 7 11 20 8 5 0 12 13 0
22 66 4 17 42 4 56 1 16 57 1 5 0 10 16 16 6 9 0 99 1 0 11 7 1 1 71 0 23 49 24 81 50 12 14 62 12 0 3 68 0 13 66 13 6 13 2 10 19 29 60 27 0 90 62 21 2 66 80 38 65 38 16 2 0 54 2 14 3 53 26 19 0 90 92 0 13 27
0 3 45 34 49 11 8 0 2 13 59 76 4 19 0 0 81 5 19 9 0 72 1 32 68 36 36 9 32 65 11 6 4 29 68 22 43 97 30 2 0 0 0 9 3 52 0 45 20 2
3 1 18 10 82 15 49 1 28 2 2 75 5 38 15 2 93 0 0 34 2 22 58 0 9 5 12 62 0 59 87 37 8 7 12 0 13 35 8 71 57 0 41 5 15 3 47 46 11 0 6 1 50 0 77 89 2 0 40 0 13 72 0 9 14 21 39 34 79 25 7 0
8 80 62 1 10 2 0 13 72 16 6 2 7 30 16 2 5 84 14 1 11 52 0 16 77 5 24 89 3 1 97 39 12 4 59 1 0 15 5 5 15 78 0 3 0 26 95 92 3 12 87 7 55 3 88 19 10 1 58 9 17 28 32 35 89 9 1 47 32 58 11 9 3 7 7 2 43 13 1 4 32 21 46 15 52 0 54 0 4 14 44 6 93 24
2 0 38 3 1 23 86 11 39 5 16 67 18 15 2 5 17 2 5 3 1 25 1 5 11 76 9 28 90 73 16 73 71 0 12 51 2 0 15 14 57
2 8 17 62 96 4 14 24 35 35 86 19 3 5 1 1 6 3 2 12 12 3 13 0 9 77 8 0 8 94 2 33 56 2 43 27 6 1 62 0 28 7 8
29 0 21 3 3 1 76 0 53 53 7 0 37 35 48 0 4 27 2 54 0 2 18 3 0 9 85 12 16 83 18 23 10 22 15 28 15 12 23 34 46 2 87 36 99 0 61 29 4 24 99 48 34 89 35 73 8 14 45 2 14 85 28 24 85 16 21 32 21 12 9 10 45 0 39 6 19 32 50 15 59 7 24 1 40 96 1
51 31 2 0 24 4 1 0 50 7 12 1 0 35 1 20 9 22 5 25 49 48 0 0 35 4 5 1 15 4 9 28 40 26 8 15 50 17 9 9 88 2 0 0 59 4 4 0 3 6 50 0 2 8 0 6 5 5 5 7 25 0 0 3 69 52 17 76 63 57 0 4 39 14 33 10 1 39 20 1 32 2 43 32 2 3 0 8 32 5 25 29 19
1 0 6 7 7 7 3 71 19 76 54 7 8 11 16 35 35 34 11 4 5 0 18 18 1 6 0 65 59 2 2 11 2 7 10 19 98 1 78 23 2 0 72 4 42 7 95 0 67 13 20 2 31 16 23 18 52 77 38 79 0 35 5 13
10 74 19 74 0 30 3 1 0 3 1 15 92 17 58 83 21 2 3 49 50 5 85 9 4 80 17 36 0 46 24 34 17 8 7 67 0 1 70 24 5 12 51 68 10 0 33 45 0 0 33 8 1 13 18 2 4 2 49 4 4 26 13 11 36 8 96 13 0 64 39 7 11 4 3 3 16 0 20 58 33 47 3 4 92 83 6 5 60 0 45 14
5 7 56 2 6 2 93 0 13 6 2 44 3 96 97 34 16 45 14 4 15 47 55 3 38 5 51 24 92 6 3 0 76 46 6 54 66 55 10 24 2 4 29 61 18 31 77 87 1 2 32 14 5 37 0 48 91 13 45 31 23 2 8 32 86 11 91 4 2 83 45 15 5 17 13 65 98 3 0 0 0 37 73 8 87 0 49 17 8 1 54 1 10 34 26
89 2 2 2 0 9 0 7 2 48 30 0 42 0 2 2 2 0 9 3 8 7 1 18 1 4 56 34 16 25 1 0 5 76 71 50 2 62 17 52 48 66 88 20 25 9 0 10 3 1 1 0 52 12 4 47 60 3 37 13 6 17 1 53 8 73 20 22 3 49 33 0 9 22 54 2 62 44 0 0
0 62 0 2 24 0 3 67 88 25 23 6 84 2 2 29 38 5 6 0 2 43 1 25 1 0 17 9 4 29 3 60 15 88 8 4 91 14 0 9 4 14 45 8 61 6 33 18 77 8 1 38 21 4 98 51 9 18 7 0 1 4 83 0 7 1 8 0 84 3 5 2 6 1 0 14 0 11 32 31 2 3 0 9 64 5 2 33 6
0 38 8 27 1 33 38 74 2 47 1 10 2 1 38 0 17 0 9 1 4 3 4 5 0 1 13 1 1 7 13 40 87 2 30 0 35 3 72
41 2 8 83 0 1 52 87 1 73 40 4 0 0 54 4 20 9 18 0 1 2 17 30 25 30 0 2 36 0 25 47 57 3 38 18 54 6 1 3 77 79 30 1 52 93 42 6 8 5 3 23 49 10 10 7 11 1 40 58 0 31 97 63 0 5 22 36 0 1 6 0 8
24 23 0 84 75 1 32 9 3 17 0 6 36 14 8 42 8 60 0 65 1 51 2 9 2 1 3 69 66 52 9 11 15 39 6 0 11 62 2 43 8
0 27 23 17 16 1 42 3 1 81 5 3 0 10 43 1 0 6 96 17 8 12 19 5 59 7 8 98 2 19 91 0 69
33 77 0 1 5 50 57 0 36 3 7 0 10 3 1 34 65 3 63 4 8 69 11 3 42 5 5 79 33 6 1 27 0 1 27 4 64 15 99 3 69 30 1 4 7 13
16 6 1 62 3 32 1 6 80 6 59 0 1 15 0 3 1 54 0 91 1 21 25 2 5 80 4 17 1 2 13 80 1 47 41 44 0 86 6 14 4 16 50 3 18 40 1 0 0 83 28 53 1 3 14 23 57 4 28 29 32 18 1 30 13 6 3 17 18 23 1 28 0 44 2 39 7 0 13 1 55 28 21 15
2 3 1 51 3 17 0 15 51 5 84 9 32 18 20 0 2 1 55 0 73 37 2 5 31 30 91 51 78 3 43 15 5 28 38 5 11 4 4 76 0 9 12 86 68 3 65 10 23 29 7 78 31 0 0 60 65 47 21 20
0 69 7 1 19 0 22 1 62 0 54 0 4 3 82 36 37 9 0 99 5 87 0 38 39 16 0 12 0 71 49 3 0 9 18 0 17 14 7 38 77 53 0 0 4 29 84 5 52 6 23 43 29 2 90 22 82 0 15 0 18 1 7 91 4 0 91 19
51 44 28 41 41 5 4 37 75 1 1 14 0 18 16 12 79 50 7 83 70 3 78 24 38 9 48 8 17 10 0 0 3 30 70 6 12 0 18 60 1 17 10 14 16 53 29 89 17 0 18 15 7 22 5 1 90 4 50 13 73 10 26 46 8 8 4 0 27 0 2 2 52 0 71 0 35 13 31 78 1 7 16 22 5 35 8 20 71 46 61
51 4 1 21 14 0 53 36 39 23 1 76 29 0 0 10 50 3 18 48 44 2 1 6 3 33 11 12 1 1 53 36 43 40 94 58 36 27 0 4 1 12 53 0
64 31 58 11 46 7 2 4 0 0 0 43 2 6 0 0 51 1 1 82 13 2 4 91 19 6 25 0 11 36 79 19 44 54 2 0 98 84 3 0 53 54 7 0 67 11 21 10 89 57 62 10 65 76 13 8 16 6 8 32 77 0 30 78 62 0 33 11 64
1 34 2 1 81 14 3 1 1 0 10 94 0 7 7 19 68 1 42 5 31 0 17 29 23 52 28 23 89 12 63 0 0 4 96 36 9 0 67 10 0 5 15 4 0 54 3 1 35 49 13 4 50 5 80 26 6 54 74 3 0 12 7 92 2 0 3 2 24 40 2 1 52 8
62 82 0 8 3 1 0 3 51 54 6 3 3 3 17 3 39 5 32 0 26 48 7 0 9 1 47 81 60 0 4 45 13 0 0 97 1 78 96 29 0 13 26 0 5 17 9 31 22 77 4 0 23 87 47 62 12 12 6 6 62 2 49 0 19 65 2 3 33 2 4 6 33 44 31 43 1 1 0 45
21 1 3 22 1 2 3 94 42 8 5 55 5 0 0 10 56 8 2 26 3 1 13 0 19 62 0 66 0 54 23 72 6 20 1 9 22 8 37 13 29 3 35 55 28 1 5 51 0 44 0 1 51 5 2 41 0 1 1 2 13 65 46 1 34 21 58 1 51 94 0 1 0 11 0 0 17 65 24 0 19 28 0 0 0 3 5
4 8 45 0 61 15 1 3 9 76 87 51 28 70 9 0 43 23 75 83 13 94 25 9 1 3 47 2 12 37 0 39 10 9 55 39 7 67 1 49 8 54 22 8 82 42 25 95 2 29 72 13 1 0 1 52 3 12 88 1 20 95 14 13 0 18 7 8 26 76 84 33 1 10 1 0 73 87 48 2 13 29 88 17 43 21 11 3 29
88 4 1 7 1 1 85 5 24 1 57 43 2 13 46 83 8 23 0 2 37 0 1 34 2 80 15 28 19 21 75 1 55 19 90 0 7 45
0 11 35 11 14 1 49 6 95 45 52 2 68 44 1 0 2 30 8 7 17 25 64 0 31 71 1 28 0 29 2 0 45 10 10 11 0 30 1 94 82 7 12 6 73 86 4 32 23 23 0 20 0 3 0 5 3 72 12 6 62 72 1 6 50 0 19 4 2 81 22 4 8 4 0 19 26 2 4 11 4 4 2 6 50 3 0 5 22 42 0 32 25
54 1 71 39 3 67 93 3 43 4 3 3 3 2 10 87 14 96 46 85 37 63 1 20 1 22 27 6 3 36 19 21 20 18 31
0 55 0 22 0 35 67 0 17 0 4 11 4 19 24 0 3 0 23 1 0 0 3 20 3 25 13 23 22 15 43 0 8 9 21 17 74 62 67 72 47 2 4 11 63 0 3 10 96
38 1 76 45 4 0 21 88 25 87 3 1 9 0 2 0 61 11 6 11 2 8 5 19 62 1 1 23 31 37 90 35
31 28 26 6 67 13 2 3 30 2 27 41 0 1 54 78 18 29 0 9 8 12 10 0 46 46 14 0 8 51 1 9 6 2 1 57 0 57 60 26 51
31 6 57 0 21 65 0 4 9 90 0 16 11 5 79 0 38 5 18 12 0 5 1 59 15 93 78 57 98 3 1 28 16 42 96 2 30 20 7 6 2 11 5 83 0 67 21 58 3 45 3 1 45 65 0 26 85 70 76 2 97 1 17 2
1 2 17 5 9 84 8 5 29 31 2 89 1 1 38 54 72 1 55 4 1 26 40 45 84 2 13 79 9 65 8 0 48 21 52 0 1 14 0 5 0 6 26 0 6 52 0 38 80 1 0 0 6 2 1 69 20 30 58 15 0 5 4 9 67 18 88 16 7 1 14 19 6 13 10 7 4 36 84 5 44 89 0 95 6 73 73 81
15 17 67 2 5 8 44 30 5 6 86 11 43 14 2 1 58 5 93 73 0 1 15 0 1 38 1 7 20 10 24 8 7 14 0 41 18 89 28 97 1 0 4 13 27 81 77 8 5 1 15 77 8 27 1 15 1 3 20 25 54 38 7 12 69 62 0 20 1 10 31 7 0 16 0 1 32 0 57 64 40 58 50 14 51 3
64 93 17 23 0 94 9 31 8 1 10 5 1 0 6 72 13 68 0 9 60 24 1 87 7 0 7 15 6 18 64 70 4 55 7 14 66 58 63 28 2 32 14 79 47 39 2 9 3
19 1 0 2 0 15 0 91 2 5 72 12 35 1 2 20 0 0 9 0 13 20 32 1 24 47 1 53 3 0 6 63 16 56 13 65 8 17 0 6 74 8 22 9 4 0 0 94 17 25
28 64 21 19 19 62 31 5 9 0 1 27 0 0 60 53 22 84 32 24 9 0 75 1 25 1 26 55 19 1 1 8 2 8 15 1 75 42 0 0 2 24 13 36 32 40 3 41 0 94 0 0 98 0 89 47 1 80 23 2 22 19 88 4 2 6 91 0
19 72 23 19 0 11 45 84 40 2 29 26 37 0 0 94 39 5 99 86 61 80 3 4 74 42 13 9 67 28 42 6 12 12 1 28 0 19 92 1 46 3 63 0 9 76 8 30 11 43 3 51 16 1 59 47 23 42 2 1 21 37 0 5 17 0 14 15 13 2
3 28 15 60 0 8 93 5 0 46 6 1 0 11 31 7 17 44 48 4 85 3 39 1 86 2 4 16 65 11 3 8 38 4 1 1 66 31 85 37 0 40 24 0 2 1 1 15 82 33 23 8 56 0 88 4 16 1 3 85 23 28 40 1 16 0 20 6 47 61 49 25 22 98 46 2 3 42 1 5 26 53 87 1 23 4 43 64 66 67 27 5 0 7 1 13 95
24 1 27 99 5 90 18 31 1 1 5 34 0 20 20 4 4 11 1 0 94 43 33 60 3 11 0 58 2 79 10 29 26 74 9 3 76 67 76 75 63 5 23 7 3 32 8 0 15 63 0 33 3 45 14 46 9 36 74 5 27 21 76 70 1 6 69 36 0 65 29 61 33 2 0 0 12 0 1 0 30 2 92 6 0 74 11 1 3 9 32 11 1 69 0 91 0 69 43
69 82 0 62 0 11 14 84 81 61 14 36 95 31 47 57 36 10 1 17 27 11 4 84 2 0 37 21 8 6 0 17 7 66 0 26 12 38 0 26 1 0 0 46 7 16 56
2 63 0 75 16 9 59 3 0 59 23 1 2 0 0 14 50 0 63 6 11 96 22 14 14 60 63 11 35 46 90 0 0 7 26 17 51 35 6 0 55 18 0 41 92 19 10 0 42 39 0 15 51 90 0 0 81 1 0 0 3 26 32 12 14 66 22 33 30 80 5 17 90 16 50 9 0 6 0 3 31 26
74 6 4 95 7 55 24 88 14 14 10 6 20 0 2 25 19 4 6 24 11 72 19 15 29 5 0 74 11 92 0 45 0 25 0 21 22 46 0 59 26 55 45 10 33 54 32 2 35 2 15 1 5 40 9 26 7 50 14 15 7 15 73 7 2 34 14 12 89 24 48 51 0 15 20 1 63 5 31
14 65 19 41 52 87 42 54 33 10 14 3 14 10 23 54 22 94 0 20 11 56 82 81 0 0 12 14 45 13 3 8 13 91 55 36 3 1 31 31 71 2 4 55 38 0 12 18 26 25 0 24 39 27 69 14 1 14 1 5 10 89 27 17 20 4 77 1 9 45 5 4 2 93 3 3 13 5 28 0 7 9 45 53 24 32 21 0 51 10 27 62 0 17 40 1 6 24 77
48 39 55 0 1 5 4 41 1 46 15 2 63 69 31 0 23 6 21 24 7 56 2 52 40 1 2 0 43 3 28 20 4 70 54 12 46 0 0 42 36 3 5 0 97 13 6 20 9 72 10 5 0 32 70 3 4 33 3 5 5 6 80 5 2 34 3 7 89 2 1 1 1 22 89 15 3 1 98 78 42 2 0 0 2 71 20 95 14
0 0 11 3 70 69 14 22 23 8 46 33 12 1 2 2 1 22 26 82 1 0 9 17 35 1 0 8 20 17 25 6 7 0 30 6 0 32 19 5 1 96 0 35 74 0 64 0 3 4 0 1 0 2 13 83 33 30 32 17 2 6 1 24
2 65 24 4 10 48 7 26 64 15 24 74 1 1 0 1 20 31 41 65 3 36 46 72 28 2 19 46 0 16 62 71 3 75 5 39 3 93 0 0 30 55 19 15 0 16 2 29 8 24 93 0 2 19 0 1 0 23 18 34 13 41 78 10 1 58 89 20 91 52 46 97 78 12 25 95 0 39 55 62 23 1 10 26 1 0 13 0 6 1 3 1 25 63 14 1
89 2 3 63 32 1 91 1 2 80 88 2 48 38 33 0 11 7 4 3 0 15 3 0 10 3 0 7 60 0 37 1 5 32 83 1 91 40 0 4 7 30 9 4
64 0 56 2 17 19 22 1 90 15 12 3 7 11 2 96 27 11 19 18 84 0 0 14 2 3 0 19 23 57 19 0 7 82 80 3 49 13 54 2 6 43 0 32 1 35 99 0 2 6 66 99 3 2 43 50 29
21 28 0 51 39 75 81 54 8 23 29 1 29 29 40 18 1 5 1 3 5 10 0 0 5 31 32 14 10 10 27 27 5
9 86 13 38 22 15 61 35 13 0 0 17 25 1 8 5 10 4 28 4 67 56 1 2 1 3 19 2 65 93 17 0 1 4 8 6 69
8 20 2 53 1 21 36 30 36 0 15 6 2 7 2 0 2 70 14 0 10 54 76 9 31 2 99 83 49 65 4 12 7 10 62 57 1 6 25 0 92 18 8 0 59 42 0 26 53 1 2 2 65 97 2 7 84 0 6 1 4 14 49 0 4 0 5 3 23 85 67 43 57 19 9 0
0 17 1 15 70 36 39 28 4 25 3 18 15 72 56 4 10 12 7 37 97 8 6 47 3 2 1 74 2 26 21 25 16 0 18 30 14 0 97 20 0 16 75 2 86 10 1 85 88 0 87 0 3 11 22 38 7 21 4 5 0 5 25 1 12 0 29 8 0 18 0 17 65 0 21 6 53 32 17 44 7
53 0 31 11 10 14 71 0 90 0 1 2 13 30 2 30 8 5 1 0 40 6 13 22 1 22 61 5 9 52 11 91 24 2 69 12 1 38 10 40 12 3 1 54 10 8 22
31 26 4 0 0 33 55 9 1 2 0 7 60 0 0 26 1 0 28 98 7 1 0 38 63 58 5 23 0 7 54 11 32 38 20 64 0 4 13 2 11 3 5 0 44 40 0 8 3 25 4 12 6 97 1 68 10 0 0 1 0 13 0 2 13 46 25 6 9 84 99 68 43 0 88 0 4 5 3 37 38 21 0 3 27 3 10 2 7 14 60 41 19 0 82 8 22 55 10
5 3 95 19 1 22 0 3 22 35 96 92 2 6 0 1 0 10 2 2 21 17 29 1 81 5 0 45 32 68 4 43 33 30 0 7 21 61 55 19 2 39 6 0 4 50 6 4 0 41 18 61 14 6 74 53 67 18 92 44 0 1 35 33 15 3 40 45 10 2 9 0 72 91 3 15 1 13 2 14 52 2
9 75 7 0 38 29 0 43 40 89 6 37 34 23 39 40 2 23 59 48 21 0 44 80 5 0 2 10 0 52 17 5 11 41 1 45 0 1 9 39 18 12 11 55 6 26 0 52 5 12 21 83 78 0 53 3 6 30 44 25 0 24 2 17 52 4 4 35 31 76 9 8 38 0 4 6 5 34 61 13 0 36 36 7 1 3 91 9 1 4 7 16 91 0 80 35 4 16 6
82 9 0 57 91 88 15 75 55 23 69 46 25 54 28 0 65 45 6 19 0 4 0 38 6 37 38 87 29 8 40 2 1 0 12 36 11 44 11 30
19 57 16 2 8 21 4 1 0 0 90 58 90 6 7 7 33 3 4 16 0 5 27 69 1 16 18 17 2 74 65 15 3 9 28 90 3 9 27 0 25 24 10 49 35 60 39 1 3 6 12 2 34 17 2 11
58 71 21 3 3 44 37 5 0 0 0 11 16 1 1 88 10 53 1 36 22 3 17 76 36 15 21 66 7 2 62 0 72 0 69 25 87 42 8 48 6 40 2 4 5 0 0 42 0 14 33 26 10 25 80 4 5 1 44 45 22 2 3 1 6 9 16 2 43 4 73 0 73 0 87 32 91 3 0 5 91 10 45 23 65 17
1 3 0 2 16 10 8 11 8 0 11 0 3 16 0 1 9 4 8 1 17 89 3 77 36 51 51 0 2 4 2 0 16 8 3 33 0 0 75 59 2 18 5 4 3 3 29 0
0 2 28 4 21 62 57 7 7 72 1 9 29 2 3 83 85 52 15 10 21 16 70 94 27 7 15 6 12 81 26 32 37 22 58 9 1 61 49 39 35 69 10 81 1 3 2 0 29 10 8 31 5 25 48 8 29 0 4 54 13 34 4 34 74 39 1 15 52 5 34 11 70 73 0 0 3 19 1 2 73 57 7 36
4 6 31 3 1 9 13 99 1 10 16 8 11 1 67 2 46 6 41 37 16 3 2 9 10 26 3 10 38 35 38 54 10 68 75 10 32 20 38 7 15 1 16 60 43 3 26 4 6 6 5 0 42 2 35 97 67 5 54 7 9 3 74 3 81 55 0 17 32 87 18 3 8 81 60 28 11 15 91 60 6 9 0 7 19 19 69 51 87 0 6 27 8
62 58 6 57 58 17 61 58 0 1 90 3 0 5 70 54 0 13 17 24 99 97 8 58 0 56 0 86 4 0 20 89 21 4 77 14 17 24 17 11 21 47
16 18 41 89 53 4 0 2 83 3 4 1 16 7 3 3 0 49 9 4 2 12 2 0 4 29 0 42 9 40 0 25 0 3 2 20 14 12 0
52 89 26 5 27 39 0 4 10 2 5 20 6 1 4 1 1 0 2 20 24 86 1 87 25 0 27 30 46 0 69 18 69 25 7 15 66 12 0 11 43 2 6 0 0 2 0 0 6 43
23 3 49 7 33 3 5 16 9 0 11 31 0 1 42 10 26 43 1 5 3 8 13 31 0 5 13 55 3 3 1 12 18 9 16 27 18 23 86 25 0 65 15 10 5 4 0
73 36 90 5 69 1 5 48 0 9 0 3 53 45 24 36 61 24 35 0 74 33 22 58 1 81 16 1 24 1 9 23 54 0
12 67 2 5 3 0 5 22 65 31 5 5 0 11 1 0 0 0 11 75 37 40 24 69 71 0 55 77 6 5 72 39 0 7
57 3 13 10 1 62 75 64 0 27 7 30 22 45 13 68 1 9 6 22 0 85 89 19 58 88 1 0 3 38 12 10 18 12 21 0 43 0 25 63 16 2 1 22 5 56 2 16 4 45 0 7 3 25 57 33 36 2 0 24 3 13 3 60 4 0 12 55 83 0 15 0 9 1 0 19 14
45 22 1 31 43 41 4 11 5 17 46 11 35 75 39 99 0 7 4 35 0 22 94 38 1 34 0 49 19 40 2 28 18 4 14 5 55 68 37 9 1 96 21 6 2 5 46 6 8
55 26 8 22 25 16 51 31 14 7 23 1 0 21 16 23 32 28 59 15 0 48 4 27 5 15 56 0 0 15 11 12 0 47 2 25 0 1 36 5 4 35 13 59 0 0 34 30 3 1 6 29 56 23 4 11 41 17 5 0 5 89 0 27 1 39 1
10 1 20 43 2 69 0 3 25 2 0 1 12 35 26 0 5 48 8 0 15 26 40 57 0 17 91 85 10 67 89 26 5 9 0 36 1 4 72 4 4 5 1 80 0 8 7 17 7 14 51 0 79 1 1 4 22 75 1
13 7 7 0 15 34 71 0 1 2 52 8 19 0 13 19 34 7 80 8 33 46 0 4 30 77 19 1 50 68 78 27 6 0 89 4 5 82 4 14 47 98 62 0 31 7 17 6 8 28 0 40 52 0 4 30 2 7 86 28 15 0 22 94
31 8 0 51 22 4 69 79 8 12 0 5 53 8 51 26 34 4 13 45 40 0 60 62 13 21 3 49 57 0 10 3 9 81 40 99 0 67 2 1 53 3 35 93 4 29 38 78 0 22 0 46 13 1 2 51 26 2 15 6 5 0 11 10 56 30 23 28 15 24 53 75 3 41 23 8 1 34 2
55 1 6 22 31 48 2 14 10 7 80 2 1 18 2 26 18 9 19 8 0 3 48 13 50 0 0 0 79 34 75 2 61 48 7 1 96 30 7 94 9 4 22 22 35 6 0 15 47 2 5 61 20 21 16 0 30 85 3 35 2 71 1 0 21 17 7 12 0 2
5 12 18 41 0 46 2 88 22 14 64 0 6 78 54 66 1 20 0 98 99 4 31 24 86 8 13 33 24 3 0 67 6 1 86 56 96 29 0 85 13 10 54 2 18 1 23 0 16 5 16 50 38
20 5 13 26 14 6 12 6 12 0 5 32 5 36 92 85 0 0 2 0 2 89 2 15 28 67 4 21 1 3 31 80 0 2 8 45 32 98 76 6 0 10 9 16 65 5 46 34 69 0 20 17
4 5 92 32 50 3 3 37 53 4 15 8 2 0 0 88 11 7 2 43 2 58 0 27 24 14 55 5 34 3 1 1 9 2 32 0 53 0 11 14 3 40 2 3 18 13 2 52 80 72 67 3 60 70 3 26 30 29 52
0 29 11 69 18 95 13 60 5 46 5 38 91 11 91 17 0 31 0 8 94 29 12 3 18 30 26 15 38 70 4 7 30 6 3 2
18 4 40 63 51 51 0 37 1 2 63 56 0 5 2 6 14 54 51 14 8 57 0 3 68 14 27 3 33 20 59 8 14 69 72 1 99 3 0 10 49 0 89 0 59 89 23 32 1 6 2 0 12 0 0
13 62 0 21 68 8 60 27 0 0 90 1 4 11 39 36 3 69 52 86 11 7 60 1 45 15 61 6 0 77 0 7 27 10 41 0 79 55 11 64 14 1 20 8 11 5
11 2 24 15 2 0 0 44 8 0 56 0 0 2 77 16 60 39 0 4 13 12 57 12 3 4 3 7 12 6 0 78 6 16 7 18 1 3 3 27 35 90 66 14 1 28 66 0 77 45 9 4 8 2 20 6
0 95 2 13 40 78 0 0 1 18 31 27 81 4 0 5 12 31 2 6 47 30 13 3 14 17 6 27 16 38 24 43 0 37 90 6 5 41 1 86 62 6 52 0 88 6 0 13 63 8 58 1 1
0 4 0 0 50 24 0 1 1 4 5 17 1 1 99 3 98 11 3 53 16 0 12 0 48 68 0 10 31 77 0 11 0 1 48 89 2 11 67 42 1 1 1 11 10 16 0
3 7 1 2 1 78 1 1 2 3 72 1 6 0 7 14 62 27 0 0 14 33 16 64 22 18 81 52 18 29 51 79 3 61 3 3 15 2 28 29 33 84 10 63 5 69 38 3 0 16 21 26 19 45 0 43 3
0 0 0 0 7 84 72 83 0 20 64 18 75 2 40 12 75 42 22 57 3 0 31 0 1 3 22 8 10 56 5
46 0 9 55 50 2 40 84 52 77 25 17 33 11 15 4 59 72 97 0 24 0 9 38 29 29 42 4 12 0 74 1 75 95 8 60 1 43 93 3 1 59 72 0 66 61 5 43 54 39 6 0 11 35 28 40 45 20
5 39 41 0 37 8 16 41 36 70 0 60 0 24 11 9 58 10 71 20 7 31 32 1 17 1 17 11 7 71 2 0 32 7 59 83 2 42 3 7 58 1 15 7 0 8 2 6 26 2 31 10 71 0 51 0 66 0 17 6 25 79 79 18 20 56 68 74 90 0 80 56 26 14 2 11 6 28 4 34 7 0 99 21 8 27 41 22 1 39 6 2 40 0 10 9
70 23 2 71 31 9 74 55 10 1 4 3 7 0 15 9 4 0 1 24 2 65 50 1 2 17 8 3 83 4 12 16 1 4 7 84 11 24 4 53 3 79 27 0 0 14 8 28 3 24 54 12 3 31 1 3 6 14 9 0 10 60 5 3 49 4 1 72 49 24 5 5 48 5 3 7 66 8 1 12 63 98 11 2 17 0 2 94 1 12 55 9 84 11 2 77 0 3
0 1 8 14 14 0 5 15 3 3 1 23 44 2 66 0 59 21 96 1 5 6 0 2 0 1 70 77 40 21 4 2 24 99 0 83 48 80 56 8 7 11 10 39 5 1 50 3 99
51 4 9 7 42 34 40 49 21 1 31 0 22 2 66 0 8 0 9 69 0 0 92 8 0 19 0 0 9 4 59 8 0 14 19 40 70 55 19 3 16 62 95 27 49 13 2 16 21 90 13 32 96 3 42 50 49 94 20 66 27 31 4 6 14 37 65 1 5 76 99 10 87 67 1 8 25
0 26 16 17 0 91 3 13 3 79 6 35 11 2 15 74 1 9 0 27 55 0 61 1 76 39 64 0 1 35 3 76 9 3 6 33 37 28 35 29 7 4 16 32 64 28 4 11 15 0 6 0 24 16 34 10 36 33 11 1 21 9 5 4 18 9 19 31 10 14 7 5 12 31 18 34 0 0 67 48 5 70 3 3 86 0 0 1 6 12 1 41 1
12 15 34 22 7 8 15 5 50 22 2 66 0 71 57 24 85 2 5 12 62 4 0 0 10 77 0 14 0 20 3 4 26 78 56 2 7 78 89 6 18 65 23 12 70 62 69 37 14 3 1 7 1 54 3 6 12 48 12 34 71 56 17 71 35 95 66 78 30 4 56 0 0 20 78 8 32 55
11 1 23 68 17 1 1 7 8 13 4 60 0 41 52 18 3 19 81 31 5 23 1 0 0 7 1 72 17 1 0 30 64 4 83 69 26 0 4 71 52 0 1 0 7 92 26 22 1 69 4 30 15 81 48 7 40 38 1 7 16 4 4 6 0
57 0 94 63 42 43 5 0 46 1 7 76 21 34 54 3 51 0 38 80 91 3 54 65 84 49 2 9 5 3 22 2 46 7 2 20 10 0 1 1 0 47 34 4 98 47 8 4 0 9 32 1 46 17 9 10 5 9 10 37 52 18 88 19 10 87 3 47 60 1 79 61 8 28 70 45
45 0 0 0 26 3 49 0 15 2 2 10 7 43 1 3 90 0 3 0 1 20 4 1 3 10 2 0 41 7 0 0 0 82 0 9 10 3 39 0 1 79 54 29 10 94 37 10 12 38 70 0 1 1 16 0 80 1 4 41 10 0 23 51 33 4 0 68 16 63 92 4 3 1
1 5 0 1 11 0 4 0 27 1 10 91 0 57 6 10 59 2 30 0 2 12 55 0 98 47 23 32 0 23 14 0 20 25 61 4 1 38 0 56 42 9 12 20
0 0 96 85 0 12 76 5 0 88 1 27 5 0 0 34 1 0 0 3 74 10 1 20 24 1 6 2 3 4 4 2 0 4 3 4 7 65 97 80 19 0 2 7 79 55 5 1 0 25 27 1 46 67 35 54 7 48 54 0 1 24 29
49 52 11 5 1 92 14 0 1 97 36 2 15 85 3 36 0 7 48 83 30 6 37 0 78 58 84 33 73 42 9 1 58 3 31 30 51 37 21 5 2 67 21 0 42 63 61 2 7 11 18 12 27 0 46 9 58 8 4 84 27 58 8 1 0 15 1 0 1 59
18 1 65 35 97 0 66 5 6 16 75 0 0 62 98 18 29 5 11 24 11 9 11 21 1 10 1 18 30 51 4 36 1 4 75 14 5 0 19 1 5 4 43 63 59 0 60 40 83 8 49 15 22 0 1 0 0 0 4 1 3 0 10 1 95 1 55 16 94
26 87 1 0 0 40 29 5 61 92 0 5 24 23 59 4 1 0 6 70 1 14 14 3 12 38 13 27 8 5 0 2 48 90 37 10 43 3 0 30 1 2 10 20
49 9 54 91 89 0 17 44 0 34 19 18 95 21 97 5 65 20 4 33 8 13 0 4 38 7 74 2 46 74 31 0 64 69 1 3 2 53 29 0 0 11 9 32 1 1 14 0 29 4 20 14 25 14 30 0 1 95 21 42 2 2 1 2 66 30 77 4 3 10 0 0 62
36 22 98 17 17 23 18 53 2 46 33 0 0 2 1 0 70 23 1 1 38 50 11 26 5 36 2 0 3 0 1 8 0 81 45 32 5 32 0 0 8 85 12 41 55 24 7 6 3 18 99 1 1 46 3 94 7 56 53 2 7 2 4 11 40 77 27 22 33 37 2 86 0 0 6 86 2 74 9 4
53 4 0 60 2 6 83 92 2 97 65 20 0 17 7 97 0 7 16 20 69 53 82 21 30 23 49 23 38 66 1 23 0 75 0 46 1 0 97 69 10 6 11 6 9 3 74 56 24 51 58 1 24 64 1 0 15 5 18 72 25 43 63 16 8 0 9 90 2 1 4 38 4 1 5 92 23 22 3 20 0 19 2 16 2 0 14 61 19 66 15 0 40 85 71
76 4 19 74 0 0 9 2 3 2 33 0 67 3 3 8 49 13 0 13 0 7 1 20 79 9 17 1 26 49 24 10 68 14 24 1 71 0 29 95 61 1 31 5 0 32 2 8 21 2 10 18 1 7 51 59 7 11 28 12 7 16
0 64 1 11 12 26 3 2 5 0 5 68 75 25 23 2 35 21 1 15 99 23 0 45 0 3 17 5 41 41 15 7 83 28 36 31 94 82 41 3 3 2 16 24 22 0 13 8 23 1 7 14 81 1 56 21 1 31 2 61 1 20 0 68 41 2 6 1 90 8 0 1 71 71 14 58 11 9 77 96 10 0 2 4 10 2 4 28 61
23 56 6 86 97 48 1 2 10 6 44 90 77 4 11 32 11 4 1 11 1 83 28 61 27 18 1 57 6 93 7 0 14 54 59 14 49 1 8 1 21 52 0 25 1 65 19 2 4 2 61 0 0 0 1 1 41 47
0 9 0 10 69 51 74 4 17 16 8 25 0 3 19 6 0 19 2 81 3 0 6 98 2 1 2 41 14 0 1 5 1 1 1 5 35 10 3 27 1 7 99 5 6 4 0 3 94 12 2 58 15 4 0 0 25 17 30 0 47 2 0 9 39 46 1 5 45 34 6 3 0 55 90 0 20 5 2 1 89 7 69 27
7 38 22 15 41 5 0 2 31 1 1 19 8 24 9 7 14 11 50 5 63 43 2 1 32 3 29 1 66 2 1 41 85 84 0 20 32 23 3 9 10 78 88 37 0
2 87 8 27 5 72 27 25 65 84 0 96 2 1 18 52 37 94 87 1 0 39 1 55 0 26 82 18 30 23 73 23 15 19 19 81 3 5 13 78 96 34 19 1 41 4 23 79 1 96 3 11 76 55 2 84 15 51 3 14 10 7 0 10 5
31 7 86 18 22 99 96 31 1 31 1 71 5 1 79 6 33 7 5 17 86 18 22 18 91 0 21 63 2 3 11 4 3 38 48 1 4 3 27 13 7 3 0 1 12 67 86 4
26 78 54 41 46 10 42 54 2 0 66 93 61 86 1 16 98 35 50 58 0 8 0 72 2 68 6 7 52 1 18 81 39 0 55 0
4 0 67 0 2 45 14 8 5 3 12 0 8 3 29 69 58 1 13 1 22 91 16 9 0 24 3 11 11 2 0 3 28 0
14 22 98 1 11 44 85 14 2 68 1 27 79 6 9 2 42 18 0 38 67 1 0 0 79 11 2 28 2 23 11 0 75 32 32 2 5 29 67 6 57 2 0 30 2 39 1 0 17 6 67 2 4 12 67 6 24 13 3 32 12 0 4 5 12 11 76 86 52 64
0 81 7 91 0 86 44 0 2 1 3 0 29 0 4 6 1 15 3 10 0 2 91 0 15 22 11 6 4 0 11 4 15 54 10 79 52 2 33 57 70 5 28 16 64 42 84 38 57 18 11 2 4 11 61 23 46 15 41 68 2 46 76 59 3 0 13 5 61 52 0 59 59 43 85 1 71 61 22 14 6 2 2 12 0 41 0 33 4 2 8 30 42 0 5 0
9 13 1 38 88 0 2 17 18 5 5 11 6 3 88 26 0 62 4 47 0 21 7 0 20 49 96 20 55 47 1 2 12 23 74 7 39 25 10 2 16 36 95 1 16 84 1 63 8 43 1 11 14 38 68 5 9 0 2 10 0 82 7 16 51 3
71 51 57 89 32 72 0 13 0 17 11 0 96 3 63 19 4 15 1 41 7 2 3 3 6 62 56 95 19 12 0 2 10 3 4 0 32 22 69 5 0 0 7 64 1 7 0 4 16 4 68 11 2 26 68 65 63 42 66 30 65 3 61 23 15 0 0 35 8 1 1 0 43 32 33 9 12 0 42 8 13 66 31 6 29 0 30 9 23 4
4 0 28 20 1 8 0 33 7 33 0 29 20 19 58 23 40 8 0 0 35 34 0 23 88 85 3 37 23 19 0 1 15 0 24 2 2 16 6 13 1 12 56 2 27 12 0 6 22
30 2 0 2 86 9 68 22 32 17 61 21 66 16 11 9 2 89 29 95 22 0 45 33 26 0 9 12 16 88 24 8 2 0 12 51 52 11 0 46 0 54 29
8 0 4 0 2 1 0 54 5 0 0 13 5 13 0 27 20 17 14 78 0 50 36 0 14 76 49 7 14 0 27 24 7 1 8 9 6 57 4 36 6 8 32 21 0 16 6 46 91 18 3 77 19 53 4 13 2 26 1 0 11 98 45 81 9 3 0 16 39 22 54 18 10 14 37 6 5 60 5 67 20
53 84 59 2 8 1 19 0 7 51 88 12 98 65 26 84 5 79 5 6 74 28 4 2 3 33 0 4 0 21 0 66 25 0 3 96 1 4 13 1 3 0 5 51 5 34 8 45 4 7 53 5 6 64 1 20 13 30 0 26 3 31 36 42 18 10 47 14 2 26 61 16 2 24 5 4 2 19 82 3 32 10 25 55 1 16 17 30 53 15 51 45 0 0 33
0 0 34 5 9 31 17 85 27 3 11 19 40 82 49 78 4 6 3 0 16 3 0 16 0 61 47 3 13 12 2 42 3 5 21 4 65 31 10 11 83 0 76 20 3 0 42 0 9 0 33 72 22 2 33 99 0 0 26 4 41 18 2 10 7 15 44 0 7 21 36 5 0 93 28 27 24 30 89 33 41 0 82 60 23 12 19 38 11 10 97 4 22
35 27 27 32 96 5 3 51 73 12 3 45 5 19 20 69 2 95 60 4 16 1 19 12 59 44 60 0 8 0 3 1 34 92 1 2 53 1 45 16 63 52 51 15 4 7 31 35 4 0 36 20 0
14 10 13 90 4 52 0 2 2 55 14 4 40 44 18 45 88 54 2 28 23 0 75 27 31 50 32 8 9 45 17 38 91 94 0 23 13 26 13 94 67 2 44 39 70 7 44 3 16 13 13 78 0 72 25 1 2 86 0 61 9 0 0 2 65 88 88 13 18 1 20 3 46 16 0 82 0 53 7 91 81 21
11 21 23 88 9 67 39 0 27 18 11 14 4 0 5 2 8 0 22 14 1 49 0 21 0 7 0 0 28 69 1 1 68 24 14 23 1 19 9 85 0 44 10 0 28 15 19 84 30 8 11 50 0 77 11 10 0 1 49 34 0 5 62 15 1 1 21 21 4 46 90 89 6 68 31 10 26 1 14 22 34
3 9 1 88 89 31 2 0 6 31 0 2 26 18 1 7 12 81 46 76 30 73 32 0 0 12 67 0 48 20 20 77 7 5 41 19 30 3 1 14
1 3 0 35 37 0 26 3 1 34 18 73 5 68 28 19 35 4 28 1 93 33 0 10 18 35 3 9 68 0 9 0 1 40 11 1 0 18 29 2 66 26 32 0 16 19 0 34 14 39 9 47 77 20 25 2 1 82 19 13 15 36 0 63 7 7 53
19 6 42 9 41 8 5 77 10 36 8 71 6 2 17 60 7 24 18 7 2 6 0 21 4 36 3 1 6 83 2 26 11 92 13 1 29 26 0 10 4 0 25 3 20 5 56 2 19 41 47 80 20 0 2 57 0 3 14 1 13 75 59 39 5 34 1 36 22 44 13 28 0 0 6 52 2 7 31
13 6 25 17 1 20 1 23 8 17 15 0 4 0 77 0 1 30 75 1 3 53 68 27 4 7 25 4 5 24 7 0 47 31 65 67 0 29 24 65 8 11 0 3 26 23 5 22 29 0 8 17 7 3 17
0 57 10 55 16 31 2 0 6 5 63 32 63 67 8 50 83 42 82 0 2 73 7 55 3 6 0 15 0 5 3 46 14 2 32 14 28 1
23 3 5 51 0 1 2 2 66 5 2 30 29 0 0 13 13 79 4 1 27 7 27 4 2 11 53 19 14 21 0 0 22 0 24 2 4 8 29 3 55 2 0 1 21 8 18 34 10 2 23 11 0 0 49 55 9 26 0 0
45 1 34 1 77 83 27 35 52 8 21 1 15 73 95 29 9 71 0 4 2 87 77 83 6 1 12 9 0 38 9 10 1 20 1 1 6 11 0 24 10 20 20 39 0 35 22 12 3 17 42 2 1 0 96 94 0 15 0 29 18 0 51 2 0 27 7
63 15 10 23 1 1 64 35 10 8 41 20 2 65 43 16 7 66 3 21 4 1 13 13 38 6 8 10 55 0 44 63 1 0 84 29 3 49 16 24 68 18 18 2 0 1 65 65 11 75 5 13 15 32 27 4 2 6 32 10 50 0 9 65 42 33 21 1 2 3 2 16 1 4 0 25 3 2 1 1 42 4 69 3 93 0 12 45 14 1 11 86 0 0 37 4 18 22 1
77 64 1 1 82 38 9 3 0 3 21 0 94 67 0 29 4 79 43 32 73 96 44 3 7 1 57 9 31 6 0 4 2 1 44 2 41 0 47 46 76 12 8 29 18 2 3 20 5 18 15 16 17 20 0 79 9 1 76 0 0 19 0 21 2 3 61 17 31 3 1 0
91 30 0 7 28 15 75 13 1 3 24 0 5 67 4 28 10 56 90 2 54 6 64 65 61 17 0 79 17 10 3 86 0 49 2 34 6 1 28 17 0 18 45 39 2 52 8 0 29 2 15 52 11 1 12 26 2 8 5 8 3 39 69 94 0 6 10 3 3 0
37 3 12 23 9 13 0 70 19 0 81 7 8 1 0 5 83 0 6 4 5 22 1 1 1 19 36 15 37 3 66 30 17 96 0 36 4 6 5 24 76 24 8 0 6 47 2 1 3 3 10 64 18 33 3 2 28 76 0 62 32 59 29 6 9
92 10 3 7 2 69 9 28 26 0 2 4 64 19 3 0 2 46 3 34 18 52 79 0 1 8 8 3 2 52 5 0 55 13 14 17 80 90 8 4 69 85
24 0 1 0 89 12 7 98 1 9 4 5 43 17 7 92 2 53 1 12 90 4 30 0 4 60 3 18 3 14 1 27 45 91 45 1 0 48 9 1 28 32 5 0 48 0 6 86 4 2 25 49 0 32 1 80 9 87 11 62 12 0 86 0 1 48 9 4 91 94 0 2 1 99 55 11 3 30 13 13 16 0 29
8 0 6 43 86 15 1 69 1 0 25 42 70 14 3 25 0 41 42 89 5 52 0 11 14 2 11 22 48 64 1 0 95 77 10 28 0 13 25 29 13 0 48 33 15 4 2 7 9 0 0 26 7 3 4 25 11 20 1 53 21 0 1 0 4 0 0 1 1 19 38 18 24 6 13 33 12 0 27 34
89 83 41 0 2 21 38 20 3 0 8 0 1 62 80 0 3 1 21 9 4 77 0 69 87 27 1 38 0 3 0 74 8 0 52 58 1 1 2 72 6 1 38 0 86 0 53 0 53 13 1 0 2 53 3 11 48 84 13 3 16 2 0 14 11 39 37 21 27 7 3 0 50 19 78 88 5 39 2 0 1 5 0 63 8 8 1 3 4 57 1 0 51 89 51 6 54 27 0
7 65 48 1 5 48 25 88 41 0 8 49 71 0 29 1 0 1 2 9 58 2 9 2 2 9 31 12 15 5 6 0 0 53 74 4 16 1 3 1 41 47 0 18 3 0 94 80 1 96 44 53 16 64 2 17 54 8 9 41 7 8 4 51 4 8 74 34 96 8 2 62 52 3 67 5 18 13 50 62 38 0 64 0 0 4 2 25 13 27
43 1 1 0 5 11 2 5 16 8 8 9 37 67 8 13 3 99 0 95 0 21 38 34 16 1 0 6 1 15 25 15 4 15 40 14 42 36 54 30 2 11 52
17 96 7 0 98 20 67 8 78 72 0 5 4 43 56 67 33 93 6 7 0 42 0 2 14 18 31 4 11 55 93 82 37 3 31 1 12 6 20 2 60 4 58
44 4 72 43 2 0 0 50 30 47 24 15 18 29 4 0 11 52 5 0 0 27 25 52 2 12 13 52 5 0 15 55 33 50 0 26 17 22 0 5 1 25 1 0 17 12 67 99 44 16 0 2 3 0 28 19 10 10 51 5 7 26 73 36 9 22 44 5 7 2 2 0 74 51
61 44 15 13 15 88 0 1 0 1 0 85 25 4 16 34 87 20 46 87 3 26 83 0 3 27 5 92 47 21 54 14 9 10 15 2 6 15 48 15 0 49 2 6 12 9 17 1 3 2 82
54 65 79 5 63 2 64 7 36 7 8 26 2 45 53 4 23 0 67 2 35 5 78 30 9 35 0 23 11 90 0 24 0
1 44 16 12 41 11 88 32 0 9 2 20 60 0 85 18 69 5 41 46 35 2 2 64 34 1 43 14 0 67 79 9 20 13 35 32 22
2 5 16 4 9 4 0 0 33 68 8 37 0 39 12 3 96 50 45 70 3 6 6 91 6 0 23 0 12 6 1 5 0 27 9 76 46 79 37 2 5 2 63 7 11
84 16 4 0 16 1 15 18 7 76 0 61 13 0 35 23 0 53 1 17 36 0 33 9 61 3 4 20 78 75 96 93 10 13 39 18 14 7 6 86 12 12 70 53 39 59 7
6 0 67 0 87 24 23 56 7 12 97 66 4 28 13 94 37 69 90 0 87 0 17 17 6 53 16 6 98 86 51 0 98 4 17 18
8 57 42 67 34 0 98 14 7 15 0 59 2 36 0 1 0 71 9 26 21 79 24 52 9 87 0 40 12 12 64 35 5 10 72 1 15 0 42 83 0 1 17 1 25 2 0 26 1 88 17 84
1 55 60 60 29 79 12 95 8 0 13 6 54 70 97 24 0 6 0 5 2 36 0 8 92 29 0 11 0 0 14 82 1
20 29 2 2 35 2 0 1 9 65 30 87 3 0 3 9 99 30 87 10 8 45 52 69 11 0 99 3 37 3 31 47
38 0 72 32 97 12 67 98 35 41 30 7 4 14 1 59 3 2 0 0 1 55 22 0 4 4 1 8 71 13 1 3 5 87 0 83 0
73 15 7 6 7 55 21 91 92 16 4 1 97 4 1 11 10 53 30 2 0 37 0 1 13 8 1 1 3 8 0 9 30 54 22 10 45 13 49 68 53 7 38 1 79 38 16 3 11 24 56 70 2 32 29 2 0 5 23 0 2 20 92 84 0 32 93 1 29 4 18
13 4 33 20 0 22 15 16 0 5 33 77 78 93 58 1 0 47 18 35 7 2 0 45 2 28 57 16 17 63 2 8 0 0 11 17 95 55 13 33 54 8 6 39 97 74 4 3 22 1 3 87 28 26 9 45 44 52 1 0 3 0 23 5 0 0 16 8 1 41 13 35 0 50 50 1 14 66 86 33
31 14 92 5 0 9 72 46 21 8 55 18 20 0 3 2 3 2 66 44 31 20 13 0 22 2 81 32 1 7 84 68 7 42 44 1 5 4 72 38 27 17 34 1 93 1 35 8 19 5 61 0 58 54 3 4 0 0 0 25 82 81 0 4 28 80 93 18 0 1 17 13 95 13 88 60 12 6 22 16 7 17 17 31 0 46 54 3 94 9
15 12 12 7 0 73 1 50 41 20 1 98 8 0 8 1 3 32 12 26 0 0 14 36 1 44 2 84 68 10 0 13 3 9 3 6 5 35 78 35 2 90 0 96 0 0 5 5 12 4 71 0 2
7 9 5 19 1 44 3 13 2 23 2 95 6 57 0 6 54 3 91 2 2 44 24 1 2 5 6 74 1 2 8 0 10 1 39 19 88 24 10 6 73 11 0 0 11 40 68 15 56 61 15 22 81 6 88 9 87 2 37 16 4 80 12 79 34 12 54 2 80 43 3 11 16 18 4 80 3 28 16 9 12 3 59 9 48 0 2 28 12 12 42 50
9 10 75 56 1 33 0 2 94 25 18 41 3 34 14 1 62 6 59 5 7 26 23 23 2 1 59 31 46 81 18 75 66 0 45 1 29 20 0 0 3 2 8 61 1 44 4 29 31 41 0 0 67 2 2 2 76 71 7 21 48 0 0 72 13 97 1 3 3 14 10 5 97 34 10 1 10 9 3 61 4 51 12 1 80 0 9 40 47 25 72 5 95 5 49 2
3 22 6 19 16 29 2 0 52 97 59 25 63 0 39 52 0 10 6 46 16 86 3 22 5 5 22 67 96 78 93 20 27 0
16 15 5 18 0 28 36 39 2 2 11 1 32 5 61 27 1 51 55 8 7 5 0 0 45 1 30 22 9 19 65 9 4 5 9
46 0 1 8 39 16 7 9 2 30 1 19 89 1 5 13 0 81 50 19 11 2 57 4 1 10 72 25 0 14 23 7 0 5 88 1 6 72 6 1 23 56 49 0 6 24 22 19 21 2 46 32 8 14 14 0 15 5 5
6 0 2 11 14 10 26 0 56 26 10 1 0 3 93 5 32 2 90 46 11 23 82 0 72 2 10 43 7 5 22 32 59 2 1 9 0 62 6 0 0 87 36 2 24 1 2 73 1 21 7 3 0 7 6 93 22 1 34 0 29 7 2 46 81 1 29 2
0 1 94 17 58 3 4 45 2 3 11 4 8 82 3 14 79 42 2 6 11 8 18 29 41 0 35 2 4 72 16 14 6 0 7 54 29 78 71 27 39 0 19 14 8 44 9 24 14 1 1 1 90 0 2 1 6 2 62 62 8 65 2 75 5 2 36 7 16 0 25 83 49 39 32 12 20 3 0 92 5 93 9 6 14 70 42 53 0 16 9 25 4 41 1 9
0 96 0 1 39 27 5 4 17 80 47 3 3 3 15 3 8 3 5 19 3 4 0 1 11 28 74 78 79 0 2 3 0 38 46 0 45 3 0 86 30
89 6 1 38 14 1 32 1 11 67 41 4 7 17 16 78 5 1 0 8 37 20 17 59 1 36 53 77 3 0 3 65 38 5 35 63 1 59 0 2 16 37 0 92 1 20 50 10 1 10 5 1 13 18 0
20 1 16 8 14 3 21 25 29 83 0 31 94 0 4 83 0 8 68 3 29 26 2 61 61 16 91 21 8 95 21 1 88 3 11 22 15 2 0 2 78 19 19 39 12 9 1 15 55 2 5 99 1 45 14 7 15 55 30 79 21 2 8 0 0 54 0 30 6 27 42 0 22 3 15 0 1 4 1 1 0 40 16 11 4 76 0 0 53
1 82 62 3 57 0 51 7 1 46 1 0 18 30 0 81 0 26 26 50 89 34 2 4 3 36 33 0 2 1 13 1 40 21 1 68 20 24 12 72 0 33 25 2 9 1 19 6 41 76 5 7 0 13 4 95 50 47 7 27
0 1 5 14 1 43 4 86 54 0 19 62 3 4 41 5 39 35 2 8 7 97 7 35 53 6 0 51 29 57 42 2 72 1 28 10 8 79 2 0 1 1 53 57 29 27 6 18 7 9 6 21 74 16 57 96 65 5 4 4 10 27 4 0 10 48 4 0 27 0 9 10
4 22 1 4 45 58 6 88 94 7 21 1 15 64 84 62 2 62 2 31 72 0 40 27 7 24 7 14 82 12 46 32 18 55 1 1 23 37 23 15 38 6 12 16 1 2 5 1 7 81 2 2 4 59 0 37 67 45 30 5
7 0 0 83 59 5 22 52 20 28 4 0 5 49 34 3 4 32 36 38 3 35 85 5 87 47 0 5 93 70 6 67 28 1 80 7 2 2 31 3 49 0 13 5 3 10 86 16 2 54 31 2 9 2 8 1 9 97 11 86 52 0 1 37 3 79 5 0 56 0 73 8 11 24 3 12 38 31
0 68 36 89 0 12 6 0 37 37 0 7 2 1 2 94 43 0 4 3 12 3 2 8 48 62 29 30 11 71 0 3 97 22 6 4 45 12 34 95 83 51 16 9 47 1 13 37 11 86 42 5 1 53 2 2 0 16 68 68 7 22 12 2 38 6 49 65 34 39 1 26 17 0 18 0 57 24 24 36 49 20 26 17 69 28 23 16 4 2 43 8 13 53 33 0
64 40 71 13 0 4 2 6 0 33 67 1 0 0 31 37 3 13 1 22 21 72 7 43 48 71 2 0 86 11 3 5 30 51 2 10 2 37 67 12 0 27 20 1 3 34 58 0 11 67 45 15 7 6 19 52 94 77 93 46 20 45 0 3 26 0 23 9 1 5 36 13 57 7 75 24 1 24 1 33 3 80 88 19 1 0 17 60 0 8 89 3 0 20 26 28 7 10 4 12
3 18 47 11 18 25 8 59 61 0 85 11 0 5 0 0 72 7 3 98 30 28 51 14 4 0 19 8 29 3 6 1 1 11 62 81 95 63 44 35 0 1 37 6 1 10 38 22 21 20 57 0 61 49 48 1 69 51 18 58 29 34 18 43 16 0
44 65 41 75 0 30 6 5 0 0 59 34 1 82 22 24 0 0 5 43 2 7 91 45 19 8 7 24 6 3 50 37 24 40 1 11 68 22 62 17 24 1 13 3 37 3 13 27 32 47 1 23 1 0 2 18 10 1 3
8 1 0 4 30 2 7 15 25 4 83 7 5 6 35 32 0 9 24 8 38 1 67 0 58 2 29 0 9 53 94 39 5 38 91 23
0 7 0 6 4 17 57 62 0 45 34 2 82 5 64 87 35 18 1 10 0 31 52 70 7 12 6 4 8 11 32 40 98 2 0 5 13 30 75 14 19 10 34 18 7 61 59 0 0 0 0 31 19 1 11 3 64 4 0 6 2
10 94 3 0 40 62 23 8 8 15 0 6 12 0 86 4 16 1 9 25 0 0 2 2 48 1 77 1 0 72 35 0 58 9 56 66 20 15 0 97 37 11 0 56 23 1 7 0 62 16 4 11 15 16 42 0 0
64 10 6 49 6 0 35 9 63 23 5 0 0 93 8 82 4 38 68 1 2 22 0 22 64 11 1 32 16 9 54 2 2 71 0 8 2 11 9 1 93 0 0 86 35 43 16 7 14 10 3
1 2 2 1 15 3 57 1 83 16 70 31 30 11 10 15 26 0 26 80 51 26 17 19 3 0 14 12 95 2 17 0 0 91 47 8 1 0 1 4 0 48 0 1 0 2 96 77 97 1 67 99 0 11 94 12 85 4 16 6 67 50 43 8 2 0 6 5 44 22 37 27 34 83 15 32 2 14 6 82 84 44 29 2 20 50 1 2 91 1 59 45 0 24 9 0 56 85 5 14
1 34 3 18 94 0 70 3 2 32 92 32 98 3 6 2 62 18 4 19 16 88 12 83 3 6 2 24 9 9 76 44 9 14 42 5 17 6 99 6 2 0 38 14 7 8 14 15 15 12 0 5 5 4 98 15 38 62
1 8 29 1 84 58 16 43 11 19 39 9 56 57 11 11 19 12 5 46 16 2 84 56 79 77 8 0 66 4 90
1 49 17 0 16 6 42 49 0 33 30 83 30 7 0 34 72 0 26 95 31 8 14 95 96 54 28 16 7 3 59 3 83 16 41 0 3 27 90 22 34 94 1 49 89 3 1 7 78 87 33 22 31 1 0 4 15 1 41 0 66 84 2 7 1 90 6 42 0 0 5 3 82 11 20 41 5 70 16 0 94 3 9 2 15 29 15 71 15 2 35 54
7 0 3 15 54 62 12 8 83 0 0 45 52 0 13 15 2 0 44 22 0 17 0 0 68 7 50 0 1 6 14 22 75 19 4 98 0 11
1 9 29 0 46 2 0 7 0 0 13 24 28 5 1 1 0 5 56 31 7 61 21 4 27 8 4 0 13 0 0 48 3 9 25 53 56 2 0 86 5 6 19 28 38 40 5 59 4 11 5 7 20 37 44 0 17 1 91 41 40 65 28 0 7 8 33 0 24 20 20 72 84 13 4
0 48 7 25 37 2 9 66 2 1 85 19 49 43 98 14 87 8 50 1 0 6 29 5 23 23 7 0 60 13 18 17 13 24 0 89 3 63 12 17 1 0 24 1 5 31 5 1 47 21 15 8 39 59 38 0 17 11 1 27 7 68 60 45 26 14 59 6 55 2 14 13 0 40 21 2 15 21 0 34 1 15 92 4 22 0 6 40 1 9 62 9 9 7 3 1 59
12 68 3 54 41 2 31 0 8 0 15 0 47 0 0 0 17 40 13 47 61 6 0 97 4 10 4 6 49 0 1 1 2 51 1 3 79 52 1 38
9 12 8 0 0 33 0 74 0 7 0 0 86 23 0 85 9 78 31 24 83 4 3 21 3 47 48 49 37 18 5 4 6 0 42 10 92 45 2 17 18 68 74 12 0 79 0 2 91 72 0 54 12 76 97 94
0 21 0 6 2 26 2 20 40 26 3 65 66 2 1 44 80 12 1 12 0 18 45 32 55 97 66 5 1 0 13 28 6 58 0 5 61 18 10 27 5 5 10 0 1 25 0 0 79 3 39 84 83 2 33 37 0 31 4 77 0 41 6 59 32 43 0 4 5 97 1 17 3 0 59 14
6 1 76 7 26 20 62 5 63 4 1 40 62 32 91 30 8 11 72 71 21 5 8 6 17 8 24 5 86 0 18 51 0 28 0 6 80 0 31 65 2 16 13 30 53 5 39 76 73 8 57 78 21 0 2 24 77 2 1 1 2 0 2 18 66 14 41
53 3 20 0 45 78 7 67 1 26 26 1 41 11 56 16 1 65 23 21 71 9 2 19 52 76 77 57 31 11 2 1 62 8 30 1 11 17 14 3 8 20 6 2 12 0 6 41 9 12 14 4 1 28 38 84 52 65 3 43 8 1 8 15 75 2 51 0 2 5 0 0 72 0 11 64 20 8 82 21 4 2 48 14 46 9 6 1 51 0 10 2 7 4 6 93 0 40 18
2 9 5 26 23 26 0 8 0 19 0 0 1 0 18 29 12 2 5 25 7 22 18 15 90 7 86 90 22 13 0 29 0 62 11 16 49 0 16 0 1 2 3 82 41 1 41 18 23 10 32 46 2 0 10 5 1 99 0 97 0 5 85 1 7 52 8 0 2 58 0 21 89 10 14 5 1 12 25 63 0 8 0 5 5 1 13 17 58 8 54 0 6 43 8 21 12
0 39 3 0 37 37 61 22 47 41 71 42 2 2 12 0 46 56 70 2 7 39 0 7 1 0 0 8 8 2 0 7 7 11 65 29 43 14 13 77
6 3 6 21 30 0 76 4 0 51 45 3 49 7 31 65 61 14 24 3 0 11 5 48 6 12 86 16 3 91 13 1 1 73 8 0 0 16 16 11 52 97 63 17 0 1 64 51 43 9 3 0 1 0 3 96 5 6 0 3 8 0 0 66 45 0 2 71
1 39 40 15 15 7 29 0 40 18 2 12 0 98 58 16 15 22 5 4 57 84 1 87 0 0 6 18 16 15 5 4 28 2 4 14 77 3 4 36 2 2 81 4 18 85
18 3 18 11 0 21 4 0 9 59 4 46 2 7 3 1 26 12 28 21 99 97 0 1 5 3 0 3 84 0 10 5 39 8 44 4 9 0 10 9 31 8 18 18 65 0 23 0 48 0 31 64 30 16 64 10 41 12 59 14 3 23 6 70 9 5 0 0 32 5
85 7 0 38 21 68 58 0 46 0 74 23 71 20 0 13 0 93 7 2 42 0 27 3 5 37 0 78 62 43 6
16 9 6 5 14 43 4 6 4 72 0 2 9 6 3 1 40 0 0 40 5 0 7 0 76 22 1 43 46 3 8
1 12 7 10 14 58 6 0 89 4 34 62 5 1 6 19 75 1 18 30 6 19 17 8 1 21 44 27 54 0 3 23 4 85 26 73 2 36
15 59 1 0 0 0 32 87 4 0 0 6 38 9 10 90 14 36 16 22 3 23 0 54 69 5 11 6 60 2 10 0 84 4 0 0 35 0 9 3 3 6 9 25 23 0 11 7 0 16 12 83
21 78 15 45 1 17 32 69 64 54 3 74 62 49 8 0 69 28 23 1 2 23 1 57 56 11 26 70 17 16 66 3 5 49 9 22 2 6 2 5 23 5 58 41 26 2 30 39 1 0 64 49 78 44 14 48 41 4 62 5 0 15 36 9 10 0 1 85 78 99 63 0 85 0 1 0 2 55 0 16 29 99 57 87 12 65 8 15 26 5 5 82 0
0 24 8 0 94 9 0 0 11 3 7 10 37 6 0 46 26 64 31 0 18 37 42 16 11 51 1 1 49 56 92 0 0 2 2 5 9 62 30 10 0 15 27 41 0 0 0 15 35 6 0 27 5 21 47 20 41 12 91 8 35 2 49 9 18 0 23
39 36 16 1 5 10 23 5 9 1 22 3 0 81 48 1 7 20 16 3 63 26 4 6 20 3 91 26 20 7 64 15 55 6 7 99 8 46 9 3 0 28 0 19 49
0 0 11 98 7 0 90 14 4 0 11 0 54 33 33 3 1 4 0 0 0 2 1 0 71 12 3 13 44 56 86 0 57 23 58 70 48 38 45 24 28 9 4 0 22 2 5 83 28 50 0 6 3 47 5 0 59 31 8 40 1 0 2 9 33 66 35 0 5 0 2 33 3 15 34 77 44 61 46 0 16 52
38 0 1 44 0 1 37 63 2 1 25 4 94 1 5 89 28 63 8 53 2 38 4 4 60 17 50 84 24 59 6 27 0 17 7 98 5 32 59 4 11 45 4 21 1 4 40 0 97 7 0 25 80 1 81 7 8 28 11 6 17 3 5 31 0 1 44 13 4 1 40 54 52 13 18 67 6 1 22 8 75 55 48
0 0 59 50 2 86 1 27 69 46 80 28 7 6 31 90 16 46 8 83 73 36 17 69 18 12 99 47 3 15 9 10 69 54 7 5 0 0 1 12 0 2 72 87
55 6 13 0 79 42 4 49 0 6 4 4 3 7 8 27 37 7 5 15 0 3 4 1 10 84 23 0 3 0 4 1 6 0 97 7 59 10 59 0
0 1 5 5 64 8 7 16 3 0 50 34 55 22 0 0 3 1 6 17 3 42 71 0 18 14 5 2 1 4 2 69 1 21 53 3 17 20 30 3 62 49 48 0 83 69 55 1 61 10 33 1 0 16 1 1 0 30 90 6 55 2 44 12 46 4 0 5 53 37 18 6 13 0 0 58 80 0 26 26 18 16 16 11 2 61 1 51 29 2 35 1 30 59 83 1 19 3 8 12
2 3 43 44 0 13 52 10 82 0 11 72 0 10 0 53 8 18 10 82 80 7 5 0 0 73 47 16 0 84 65 68 6 29 20 13 48 0 19 7 13 9 74 21 15 2 55 11 96 87 4 2 35 12 53 36 86 12 3 2 15 64 28 2 8 36 41 0 4 55 3 15 33 35 21 2 3 5 62 14 7 0 10 65 0 65 9 2 51 68 2 45 3 48 11
86 27 15 1 38 1 2 0 2 3 21 1 78 16 1 12 9 3 25 9 97 1 82 0 1 14 0 64 5 0 23 0 8 0 6 14 46 0 54 88 79 4 40 69 56 0 5 9 8 10 82 34 0 1 18 6 0 0 38
2 73 10 0 95 2 11 7 15 7 74 14 0 21 2 36 1 5 0 40 4 22 51 16 83 56 31 34 0 30 36 90 40 9 26 95 6 20 24 22
72 37 1 0 10 46 1 0 16 38 25 38 39 37 88 26 2 11 87 4 15 0 33 62 2 36 0 19 2 5 2 18 2 80 2 0 65 0 2 8 1
65 0 46 10 1 15 1 0 23 49 36 0 35 0 31 14 18 33 7 3 4 3 21 0 0 0 2 6 28 31 5 53 33 20 13 33 7 91 72 61 54 45 6 0 3 1 31 2 90 1 20 70 26 0 1 73 19 63 0 27 3 89
58 0 24 1 3 91 20 28 5 4 9 5 8 15 1 89 13 9 20 9 6 1 54 1 2 5 0 38 21 1 1 45 67 8 48 54 10 58 16 7 33 0 84 61 1 49 18 28 2 0 3 25 97 50 29 20 56 1 1 99 8 24 66 0 4
21 4 24 96 12 2 0 5 28 4 5 82 26 0 1 1 4 11 18 4 25 0 56 0 0 9 2 21 20 80
8 2 63 24 7 99 23 36 0 21 3 2 41 26 0 3 0 16 10 1 68 85 6 17 24 18 25 92 7 26 3 0 93 49 0 12 5 22 68 71
72 0 5 0 9 74 11 76 2 11 46 34 12 8 3 7 79 39 14 0 90 2 19 10 74 0 14 27 3 35 34 12 14 0 35 41 21 8 3 78 3 36 8 42 29 8 68 6 88 59 7 18
23 81 0 17 9 56 71 24 13 8 43 36 29 30 6 20 68 58 0 5 98 4 0 12 88 93 32 21 11 8 5 49 8 10 2 86 1 2 19 1 1 43 36 14 4 8 30 1 3 49 15 98 39 6 8 2 7 0 1 7 76
63 6 8 38 0 4 88 18 10 0 7 68 7 2 13 17 0 3 89 31 13 82 56 1 21 3 97 68 15 0 30 1 41 67 21 16 2 27 61 25 0 7 32 81 44 0 8 24 17 28 67 0 42 0
3 96 61 85 11 12 1 23 23 0 34 18 12 39 67 36 47 19 28 38 4 22 46 2 26 0 0 28 32 10
21 5 38 34 0 2 0 2 0 51 19 1 3 42 15 19 7 13 62 79 1 0 36 6 12 6 8 1 6 1 38 25 25 25 66 1 2 42 11 89 0 0 0 41 1 71 21 3 17 58 2 6 68 0 5 32 77
2 45 4 21 0 6 2 0 43 3 6 9 1 52 26 30 14 0 8 11 15 79 8 77 83 21 49 0 32 96 6 39
1 0 23 0 53 50 1 20 77 24 46 46 10 18 3 1 42 10 1 54 0 37 1 41 1 0 92 63 6 14 38 72 41
4 0 0 11 17 74 74 0 28 10 11 15 1 26 0 0 0 22 13 37 0 70 27 54 0 18 29 9 6 90 54 22 0 0 59 1 0 4 1 0 4 1 96 1 1 39 16 2 12 68 30 52 74 56 3 0 13 3 86 84 77 1 54 47
18 9 55 16 5 64 64 2 78 0 1 15 40 0 22 9 4 12 12 2 30 34 19 42 27 0 19 72 8 15 0 36 25 1 10 4 80 73 4 20 14 55 58 0 41 3 70 4 39 4 3 1 59 1 0 2 22 54 0 19 1 41 1
7 4 1 2 99 2 82 87 33 38 95 22 17 33 0 1 16 18 16 20 5 1 1 12 18 0 68 0 13 6 7 38 15 1 10 38 60 2 4 86 30 32 71 92 76 8 0 63 2 7 9 0 5 3 13 69 3 19 31 8 69 9 0 98 13 20 0 20 2 23 32 18 0 20 7 5 10 11 6 62 1 0 6 2 26 74 61 5 2 89 38 0 2 0 42 0 0 10 9 7
65 64 0 45 91 41 60 41 91 11 15 57 14 34 4 8 13 0 71 21 24 7 35 2 46 38 12 72 6 0 29 47 47 39 0 92 61 20 22 44 34 27 4 31 1 22 30 25 6 66 73 0 0 0 4 1 66 1 0 2 4 10 2 5 37
1 7 2 91 43 20 0 2 57 0 1 17 0 2 0 0 8 51 20 15 2 39 7 7 3 19 1 5 9 42 37 83 73 17 25 70 0 42 96 1 41 7 0 1 48 26 2 5 1 2 17 3 45 1 32 38 42 0 51 21 49 63 11 12 3 92 27 1 9 9 4 84 0 28 9 1 3 2 5 2 11 44 35
2 2 32 59 7 5 3 13 24 7 3 1 0 3 2 50 4 4 6 8 14 0 89 40 21 18 4 1 65 3 53 19 71 80 20 6
45 4 6 22 47 4 69 4 73 49 11 61 29 16 17 69 3 35 40 0 42 32 0 87 10 0 29 5 0 1 53 1 5 51 52 10 63 49 0 35 8 85 69 59 13 20 1 0 0 0 5 3 3 0 72 53 93 1 3 32 38 0 8 0 10 4 61 6 25 9 8 19 0 3 1 25 0 0 80 34 15 44 46 1
24 7 89 1 21 78 47 0 37 68 37 54 24 9 27 77 1 49 10 24 4 32 26 1 0 23 3 11 3 3 0 25 66 86 23 93 45 9 0 9 0 52 1 2 1 10 7 27 19 12 17 40 3 12 54 8 33 49 4 3 55 53 10 5 25 8 39 21 31 0
14 76 5 2 62 12 59 2 4 18 33 98 0 9 44 4 22 7 1 2 10 16 27 7 6 54 44 52 85 12 0 0 23 54 68 7 33 33 0 18 4 71 24 66 19 0 2 4 92 5 37 0 12 22 38 1 29 29 52 7 40 2 0 6 9 22 19 2 1 9 3 45 78 0 5 0 11 51 17 20 4 93 37 7 66 72 0 13 4 3
62 9 37 29 5 1 48 23 62 2 6 57 0 52 17 7 56 1 16 0 2 30 6 39 68 1 10 20 31 2 12 3 9 2 22 8 1 21 0 2
20 67 1 65 11 12 10 23 4 1 11 49 2 51 39 22 2 97 31 3 0 1 27 26 2 37 4 1 30 5 73 95 5 3 1 0 0 48 1 2 82 0 21 39 57 8 10 12 25 16 24 0 11 32 18 5 13 8 42 8 5 7 33 1 4 30 5 17 3 9 0 7 47 83 0 3
57 14 7 24 35 5 0 4 41 57 2 95 5 17 49 4 2 10 64 3 45 41 18 6 23 6 1 5 0 9 2 42 0 85 5 0 89 43 87 5 1 14 8 0 3 59
23 21 1 55 11 9 3 28 0 9 19 33 19 53 5 12 5 6 11 82 23 3 18 1 1 80 39 3 4 2 8 59 22 0 74 85 0 11 3 8 2 26 20 13 14 19 3 2 0 39 69 7 1 4 2 27 49 23 1 73 50 89 1 10 15 64 0 68 3 56 2 6 26 7 3
2 2 62 2 0 29 2 0 5 38 6 1 18 0 33 40 31 2 49 0 24 20 1 69 0 24 35 0 50 1 13 13 69 32
16 1 29 25 96 0 40 8 61 17 0 88 85 7 5 12 3 0 4 3 28 13 87 3 40 5 5 85 4 0 25 11 0 36 6 76 10 40 18 3 66 0 2 49 62 5 18 27 2 19 37 2 62 14 3 6 0 26 18 0 19 46 4 13 5 11 14 61 57 18 31 98 1 15 6 0 0 22 31 18 1
1 0 78 20 2 15 39 19 50 3 0 25 11 88 19 6 24 3 0 28 1 1 18 22 3 59 2 4 23 84 5 4 4 43 44 66 13 3 43 11 99 42 14 0 35 60 0 3 10 2 3 13 32 0 0 10 2 11 35 7 49 94 4 17 19 29 1 2 8 74 24 1 24 1 0 12 94 23 11 1 77 0 28 4 3 5 3 18 10 8
10 3 10 2 2 32 39 2 85 1 1 1 71 53 3 27 8 92 4 59 2 38 63 56 0 35 35 14 87 0 48 0 8 21 7 0 4 4 49 2 14 1 66 4 33 18 27 6 23 53 9 93 1 81 14 85 7 19 1 42 0 0 25 41 1 5 12 0 69 84 8 32 8 43 5 0 18 83 8 20 0 6 8 8 43 9 85 90 68 1 80 21 8 16